split,dataset,fs,n_features,ensemble,sampling,AUC,F1,G_Mean,Recall,Precision,Type1_Error,Type2_Error
split_1+15,1+15,no_fs,19,Old,under,0.535283,0.057175,0.509555,0.351916,0.031115,0.262193,0.648084
split_1+15,1+15,no_fs,19,New,under,0.824863,0.198047,0.673290,0.494774,0.123801,0.083785,0.505226
split_1+15,1+15,no_fs,19,Old,over,0.557664,0.058688,0.513747,0.355401,0.031985,0.257357,0.644599
split_1+15,1+15,no_fs,19,New,over,0.780163,0.140575,0.635600,0.459930,0.082967,0.121634,0.540070
split_1+15,1+15,no_fs,19,Old,hybrid,0.557317,0.056776,0.528016,0.400697,0.030553,0.304210,0.599303
split_1+15,1+15,no_fs,19,New,hybrid,0.820399,0.158329,0.666095,0.501742,0.093995,0.115715,0.498258
split_1+15,1+15,no_fs,19,Old_3,ensemble,0.563396,0.059172,0.493880,0.313589,0.032668,0.222176,0.686411
split_1+15,1+15,no_fs,19,New_3,ensemble,0.836586,0.155821,0.722095,0.613240,0.089249,0.149729,0.386760
split_1+15,1+15,no_fs,19,All_6,ensemble,0.795764,0.131400,0.656097,0.505226,0.075521,0.147978,0.494774
split_1+15,1+15,no_fs,19,Old_under_New_under,ensemble,0.811469,0.161654,0.636601,0.449477,0.098549,0.098374,0.550523
split_1+15,1+15,no_fs,19,Old_hybrid_New_hybrid,ensemble,0.765588,0.120073,0.623955,0.456446,0.069129,0.147061,0.543554
split_1+15,1+15,mutual_info_r50,9,Old,under,0.546486,0.049980,0.421463,0.216028,0.028259,0.177741,0.783972
split_1+15,1+15,mutual_info_r50,9,New,under,0.783701,0.163891,0.624172,0.428571,0.101318,0.090955,0.571429
split_1+15,1+15,mutual_info_r50,9,Old,over,0.518076,0.044091,0.474154,0.337979,0.023584,0.334806,0.662021
split_1+15,1+15,mutual_info_r50,9,New,over,0.747048,0.126236,0.632969,0.466899,0.072985,0.141892,0.533101
split_1+15,1+15,mutual_info_r50,9,Old,hybrid,0.569970,0.048193,0.414378,0.209059,0.027236,0.178658,0.790941
split_1+15,1+15,mutual_info_r50,9,New,hybrid,0.791736,0.156437,0.665404,0.501742,0.092664,0.117549,0.498258
split_1+15,1+15,mutual_info_r50,9,Old_3,ensemble,0.557582,0.046797,0.415350,0.212544,0.026293,0.188328,0.787456
split_1+15,1+15,mutual_info_r50,9,New_3,ensemble,0.798729,0.173343,0.617420,0.414634,0.109576,0.080617,0.585366
split_1+15,1+15,mutual_info_r50,9,All_6,ensemble,0.756848,0.117460,0.652720,0.515679,0.066279,0.173822,0.484321
split_1+15,1+15,mutual_info_r50,9,Old_under_New_under,ensemble,0.765745,0.141119,0.601967,0.404181,0.085483,0.103460,0.595819
split_1+15,1+15,mutual_info_r50,9,Old_hybrid_New_hybrid,ensemble,0.742513,0.109760,0.662429,0.550523,0.060957,0.202918,0.449477
split_1+15,1+15,mutual_info_r80,15,Old,under,0.485513,0.039735,0.421833,0.240418,0.021657,0.259858,0.759582
split_1+15,1+15,mutual_info_r80,15,New,under,0.817125,0.207317,0.623687,0.414634,0.138211,0.061859,0.585366
split_1+15,1+15,mutual_info_r80,15,Old,over,0.525863,0.047385,0.493639,0.369338,0.025316,0.340225,0.630662
split_1+15,1+15,mutual_info_r80,15,New,over,0.792222,0.143785,0.680366,0.540070,0.082932,0.142893,0.459930
split_1+15,1+15,mutual_info_r80,15,Old,hybrid,0.556271,0.049521,0.516211,0.432056,0.026266,0.383243,0.567944
split_1+15,1+15,mutual_info_r80,15,New,hybrid,0.826390,0.158330,0.733075,0.634146,0.090457,0.152564,0.365854
split_1+15,1+15,mutual_info_r80,15,Old_3,ensemble,0.541537,0.051750,0.504023,0.365854,0.027844,0.305627,0.634146
split_1+15,1+15,mutual_info_r80,15,New_3,ensemble,0.838915,0.165971,0.731962,0.623693,0.095722,0.140975,0.376307
split_1+15,1+15,mutual_info_r80,15,All_6,ensemble,0.792873,0.135531,0.663693,0.515679,0.078018,0.145811,0.484321
split_1+15,1+15,mutual_info_r80,15,Old_under_New_under,ensemble,0.799624,0.172168,0.648037,0.463415,0.105723,0.093789,0.536585
split_1+15,1+15,mutual_info_r80,15,Old_hybrid_New_hybrid,ensemble,0.768903,0.124160,0.672273,0.547038,0.070027,0.173822,0.452962
split_1+15,1+15,shap_r50,9,Old,under,0.529675,0.052513,0.505805,0.365854,0.028287,0.300709,0.634146
split_1+15,1+15,shap_r50,9,New,under,0.821795,0.183509,0.681935,0.515679,0.111614,0.098208,0.484321
split_1+15,1+15,shap_r50,9,Old,over,0.519471,0.050469,0.458271,0.271777,0.027817,0.227261,0.728223
split_1+15,1+15,shap_r50,9,New,over,0.760509,0.130364,0.682943,0.560976,0.073752,0.168570,0.439024
split_1+15,1+15,shap_r50,9,Old,hybrid,0.574742,0.062944,0.504459,0.324042,0.034858,0.214673,0.675958
split_1+15,1+15,shap_r50,9,New,hybrid,0.805612,0.188189,0.677138,0.505226,0.115630,0.092455,0.494774
split_1+15,1+15,shap_r50,9,Old_3,ensemble,0.561277,0.057375,0.517365,0.369338,0.031103,0.275281,0.630662
split_1+15,1+15,shap_r50,9,New_3,ensemble,0.819818,0.181040,0.681242,0.515679,0.109792,0.100042,0.484321
split_1+15,1+15,shap_r50,9,All_6,ensemble,0.775908,0.120358,0.696718,0.609756,0.066768,0.203918,0.390244
split_1+15,1+15,shap_r50,9,Old_under_New_under,ensemble,0.805542,0.151614,0.696438,0.564460,0.087568,0.140725,0.435540
split_1+15,1+15,shap_r50,9,Old_hybrid_New_hybrid,ensemble,0.753783,0.110781,0.649313,0.519164,0.062006,0.187912,0.480836
split_1+15,1+15,shap_r80,15,Old,under,0.494101,0.045161,0.380299,0.170732,0.026022,0.152897,0.829268
split_1+15,1+15,shap_r80,15,New,under,0.810482,0.158405,0.656247,0.484321,0.094687,0.110796,0.515679
split_1+15,1+15,shap_r80,15,Old,over,0.538840,0.051234,0.403485,0.191638,0.029570,0.150479,0.808362
split_1+15,1+15,shap_r80,15,New,over,0.761094,0.154806,0.623824,0.432056,0.094297,0.099291,0.567944
split_1+15,1+15,shap_r80,15,Old,hybrid,0.571690,0.062004,0.489562,0.299652,0.034580,0.200167,0.700348
split_1+15,1+15,shap_r80,15,New,hybrid,0.803377,0.187986,0.651900,0.463415,0.117908,0.082951,0.536585
split_1+15,1+15,shap_r80,15,Old_3,ensemble,0.548736,0.056022,0.447602,0.243902,0.031646,0.178574,0.756098
split_1+15,1+15,shap_r80,15,New_3,ensemble,0.823768,0.173968,0.656922,0.477352,0.106366,0.095957,0.522648
split_1+15,1+15,shap_r80,15,All_6,ensemble,0.778425,0.123192,0.627556,0.459930,0.071121,0.143727,0.540070
split_1+15,1+15,shap_r80,15,Old_under_New_under,ensemble,0.785816,0.156839,0.635157,0.449477,0.094993,0.102459,0.550523
split_1+15,1+15,shap_r80,15,Old_hybrid_New_hybrid,ensemble,0.755221,0.111714,0.688461,0.609756,0.061490,0.222676,0.390244
split_2+14,2+14,no_fs,19,Old,under,0.548252,0.061824,0.425767,0.209059,0.036276,0.132889,0.790941
split_2+14,2+14,no_fs,19,New,under,0.813530,0.185666,0.657802,0.473868,0.115450,0.086870,0.526132
split_2+14,2+14,no_fs,19,Old,over,0.570736,0.055840,0.449803,0.247387,0.031472,0.182159,0.752613
split_2+14,2+14,no_fs,19,New,over,0.782794,0.142570,0.655974,0.494774,0.083284,0.130304,0.505226
split_2+14,2+14,no_fs,19,Old,hybrid,0.634153,0.070338,0.572379,0.449477,0.038154,0.271113,0.550523
split_2+14,2+14,no_fs,19,New,hybrid,0.820502,0.173238,0.672989,0.505226,0.104542,0.103543,0.494774
split_2+14,2+14,no_fs,19,Old_3,ensemble,0.611501,0.066122,0.491805,0.296167,0.037215,0.183326,0.703833
split_2+14,2+14,no_fs,19,New_3,ensemble,0.833463,0.184597,0.699794,0.547038,0.111033,0.104794,0.452962
split_2+14,2+14,no_fs,19,All_6,ensemble,0.797637,0.132976,0.664109,0.519164,0.076254,0.150479,0.480836
split_2+14,2+14,no_fs,19,Old_under_New_under,ensemble,0.793452,0.156682,0.649613,0.473868,0.093858,0.109462,0.526132
split_2+14,2+14,no_fs,19,Old_hybrid_New_hybrid,ensemble,0.784584,0.129202,0.612529,0.428571,0.076067,0.124552,0.571429
split_2+14,2+14,mutual_info_r50,9,Old,under,0.535063,0.049730,0.466519,0.289199,0.027204,0.247436,0.710801
split_2+14,2+14,mutual_info_r50,9,New,under,0.829045,0.183731,0.646598,0.456446,0.115013,0.084035,0.543554
split_2+14,2+14,mutual_info_r50,9,Old,over,0.521358,0.047337,0.470282,0.306620,0.025648,0.278699,0.693380
split_2+14,2+14,mutual_info_r50,9,New,over,0.791184,0.131789,0.690335,0.574913,0.074425,0.171071,0.425087
split_2+14,2+14,mutual_info_r50,9,Old,hybrid,0.539830,0.045505,0.353981,0.142857,0.027063,0.122885,0.857143
split_2+14,2+14,mutual_info_r50,9,New,hybrid,0.818065,0.162745,0.708429,0.578397,0.094695,0.132305,0.421603
split_2+14,2+14,mutual_info_r50,9,Old_3,ensemble,0.538143,0.049213,0.386779,0.174216,0.028653,0.141309,0.825784
split_2+14,2+14,mutual_info_r50,9,New_3,ensemble,0.833048,0.149960,0.736099,0.651568,0.084730,0.168404,0.348432
split_2+14,2+14,mutual_info_r50,9,All_6,ensemble,0.776086,0.124294,0.685073,0.574913,0.069679,0.183660,0.425087
split_2+14,2+14,mutual_info_r50,9,Old_under_New_under,ensemble,0.796847,0.131304,0.666678,0.526132,0.075012,0.155231,0.473868
split_2+14,2+14,mutual_info_r50,9,Old_hybrid_New_hybrid,ensemble,0.751080,0.115715,0.662835,0.540070,0.064799,0.186494,0.459930
split_2+14,2+14,mutual_info_r80,15,Old,under,0.551431,0.050068,0.341346,0.128920,0.031066,0.096207,0.871080
split_2+14,2+14,mutual_info_r80,15,New,under,0.835754,0.192666,0.698231,0.540070,0.117247,0.097291,0.459930
split_2+14,2+14,mutual_info_r80,15,Old,over,0.546304,0.052976,0.482659,0.310105,0.028962,0.248770,0.689895
split_2+14,2+14,mutual_info_r80,15,New,over,0.788807,0.130283,0.694055,0.585366,0.073298,0.177074,0.414634
split_2+14,2+14,mutual_info_r80,15,Old,hybrid,0.594847,0.057298,0.500045,0.331010,0.031363,0.244602,0.668990
split_2+14,2+14,mutual_info_r80,15,New,hybrid,0.825039,0.213953,0.667953,0.480836,0.137587,0.072113,0.519164
split_2+14,2+14,mutual_info_r80,15,Old_3,ensemble,0.579882,0.058714,0.471070,0.275261,0.032862,0.193831,0.724739
split_2+14,2+14,mutual_info_r80,15,New_3,ensemble,0.844160,0.155287,0.757177,0.693380,0.087434,0.173155,0.306620
split_2+14,2+14,mutual_info_r80,15,All_6,ensemble,0.798532,0.137049,0.668064,0.522648,0.078864,0.146061,0.477352
split_2+14,2+14,mutual_info_r80,15,Old_under_New_under,ensemble,0.810530,0.174785,0.624587,0.425087,0.110009,0.082284,0.574913
split_2+14,2+14,mutual_info_r80,15,Old_hybrid_New_hybrid,ensemble,0.774784,0.124510,0.618485,0.442509,0.072447,0.135556,0.557491
split_2+14,2+14,shap_r50,9,Old,under,0.508315,0.043177,0.398127,0.195122,0.024274,0.187662,0.804878
split_2+14,2+14,shap_r50,9,New,under,0.832447,0.243167,0.652156,0.449477,0.166667,0.053772,0.550523
split_2+14,2+14,shap_r50,9,Old,over,0.508168,0.045848,0.392822,0.184669,0.026173,0.164402,0.815331
split_2+14,2+14,shap_r50,9,New,over,0.792942,0.143161,0.702164,0.585366,0.081553,0.157732,0.414634
split_2+14,2+14,shap_r50,9,Old,hybrid,0.544376,0.056595,0.427614,0.216028,0.032563,0.153564,0.783972
split_2+14,2+14,shap_r50,9,New,hybrid,0.819800,0.185071,0.686337,0.522648,0.112444,0.098708,0.477352
split_2+14,2+14,shap_r50,9,Old_3,ensemble,0.535711,0.045956,0.384065,0.174216,0.026469,0.153314,0.825784
split_2+14,2+14,shap_r50,9,New_3,ensemble,0.838244,0.190535,0.693743,0.533101,0.115997,0.097207,0.466899
split_2+14,2+14,shap_r50,9,All_6,ensemble,0.780550,0.130299,0.657292,0.508711,0.074719,0.150729,0.491289
split_2+14,2+14,shap_r50,9,Old_under_New_under,ensemble,0.795401,0.149929,0.690395,0.554007,0.086696,0.139642,0.445993
split_2+14,2+14,shap_r50,9,Old_hybrid_New_hybrid,ensemble,0.758091,0.120752,0.660033,0.526132,0.068202,0.171988,0.473868
split_2+14,2+14,shap_r80,15,Old,under,0.496746,0.045772,0.335207,0.125436,0.027994,0.104210,0.874564
split_2+14,2+14,shap_r80,15,New,under,0.837045,0.207143,0.681509,0.505226,0.130279,0.080700,0.494774
split_2+14,2+14,shap_r80,15,Old,over,0.538010,0.054244,0.461448,0.268293,0.030172,0.206336,0.731707
split_2+14,2+14,shap_r80,15,New,over,0.792566,0.143049,0.688693,0.557491,0.082051,0.149229,0.442509
split_2+14,2+14,shap_r80,15,Old,hybrid,0.603712,0.050321,0.377915,0.163763,0.029728,0.127887,0.836237
split_2+14,2+14,shap_r80,15,New,hybrid,0.828662,0.195157,0.662082,0.477352,0.122650,0.081701,0.522648
split_2+14,2+14,shap_r80,15,Old_3,ensemble,0.576613,0.054376,0.430998,0.222997,0.030963,0.166986,0.777003
split_2+14,2+14,shap_r80,15,New_3,ensemble,0.844629,0.179751,0.714968,0.578397,0.106410,0.116215,0.421603
split_2+14,2+14,shap_r80,15,All_6,ensemble,0.800202,0.134964,0.665183,0.519164,0.077564,0.147728,0.480836
split_2+14,2+14,shap_r80,15,Old_under_New_under,ensemble,0.807426,0.154774,0.683588,0.536585,0.090429,0.129137,0.463415
split_2+14,2+14,shap_r80,15,Old_hybrid_New_hybrid,ensemble,0.779086,0.126221,0.691131,0.585366,0.070737,0.183993,0.414634
split_3+13,3+13,no_fs,19,Old,under,0.560213,0.046003,0.350666,0.139373,0.027548,0.117716,0.860627
split_3+13,3+13,no_fs,19,New,under,0.816263,0.193115,0.611833,0.400697,0.127212,0.065777,0.599303
split_3+13,3+13,no_fs,19,Old,over,0.575457,0.049594,0.410482,0.202091,0.028265,0.166236,0.797909
split_3+13,3+13,no_fs,19,New,over,0.784580,0.132098,0.688931,0.571429,0.074681,0.169404,0.428571
split_3+13,3+13,no_fs,19,Old,hybrid,0.606660,0.061258,0.531735,0.386760,0.033263,0.268945,0.613240
split_3+13,3+13,no_fs,19,New,hybrid,0.818584,0.185118,0.692236,0.533101,0.112006,0.101125,0.466899
split_3+13,3+13,no_fs,19,Old_3,ensemble,0.595915,0.056138,0.476263,0.289199,0.031086,0.215673,0.710801
split_3+13,3+13,no_fs,19,New_3,ensemble,0.835293,0.181710,0.689298,0.529617,0.109668,0.102876,0.470383
split_3+13,3+13,no_fs,19,All_6,ensemble,0.785574,0.127810,0.654104,0.505226,0.073158,0.153147,0.494774
split_3+13,3+13,no_fs,19,Old_under_New_under,ensemble,0.783223,0.137828,0.543147,0.320557,0.087786,0.079700,0.679443
split_3+13,3+13,no_fs,19,Old_hybrid_New_hybrid,ensemble,0.772588,0.130605,0.664533,0.522648,0.074627,0.155065,0.477352
split_3+13,3+13,mutual_info_r50,9,Old,under,0.529985,0.051820,0.361357,0.146341,0.031484,0.107712,0.853659
split_3+13,3+13,mutual_info_r50,9,New,under,0.788686,0.179170,0.627825,0.428571,0.113260,0.080283,0.571429
split_3+13,3+13,mutual_info_r50,9,Old,over,0.560329,0.043937,0.284797,0.087108,0.029377,0.068862,0.912892
split_3+13,3+13,mutual_info_r50,9,New,over,0.743744,0.157047,0.608898,0.407666,0.097257,0.090538,0.592334
split_3+13,3+13,mutual_info_r50,9,Old,hybrid,0.577256,0.054855,0.455636,0.257840,0.030693,0.194831,0.742160
split_3+13,3+13,mutual_info_r50,9,New,hybrid,0.764710,0.142989,0.679969,0.540070,0.082403,0.143893,0.459930
split_3+13,3+13,mutual_info_r50,9,Old_3,ensemble,0.571758,0.050847,0.391139,0.177700,0.029668,0.139058,0.822300
split_3+13,3+13,mutual_info_r50,9,New_3,ensemble,0.784526,0.169552,0.665866,0.494774,0.102305,0.103877,0.505226
split_3+13,3+13,mutual_info_r50,9,All_6,ensemble,0.733840,0.105675,0.569714,0.376307,0.061468,0.137474,0.623693
split_3+13,3+13,mutual_info_r50,9,Old_under_New_under,ensemble,0.740859,0.129619,0.593500,0.397213,0.077446,0.113214,0.602787
split_3+13,3+13,mutual_info_r50,9,Old_hybrid_New_hybrid,ensemble,0.720269,0.089483,0.536388,0.337979,0.051568,0.148729,0.662021
split_3+13,3+13,mutual_info_r80,15,Old,under,0.576257,0.059880,0.451244,0.243902,0.034130,0.165152,0.756098
split_3+13,3+13,mutual_info_r80,15,New,under,0.831845,0.191131,0.693903,0.533101,0.116438,0.096790,0.466899
split_3+13,3+13,mutual_info_r80,15,Old,over,0.561850,0.057045,0.477451,0.289199,0.031643,0.211755,0.710801
split_3+13,3+13,mutual_info_r80,15,New,over,0.775229,0.142857,0.676356,0.533101,0.082480,0.141892,0.466899
split_3+13,3+13,mutual_info_r80,15,Old,hybrid,0.598765,0.058460,0.516424,0.362369,0.031795,0.264027,0.637631
split_3+13,3+13,mutual_info_r80,15,New,hybrid,0.812033,0.200271,0.686178,0.515679,0.124265,0.086953,0.484321
split_3+13,3+13,mutual_info_r80,15,Old_3,ensemble,0.594817,0.054154,0.452571,0.254355,0.030303,0.194748,0.745645
split_3+13,3+13,mutual_info_r80,15,New_3,ensemble,0.834555,0.169427,0.733523,0.623693,0.098028,0.137307,0.376307
split_3+13,3+13,mutual_info_r80,15,All_6,ensemble,0.786706,0.132739,0.636159,0.466899,0.077367,0.133222,0.533101
split_3+13,3+13,mutual_info_r80,15,Old_under_New_under,ensemble,0.801720,0.158062,0.624776,0.432056,0.096724,0.096540,0.567944
split_3+13,3+13,mutual_info_r80,15,Old_hybrid_New_hybrid,ensemble,0.764741,0.127252,0.688793,0.578397,0.071490,0.179742,0.421603
split_3+13,3+13,shap_r50,9,Old,under,0.560089,0.054027,0.399622,0.184669,0.031642,0.135223,0.815331
split_3+13,3+13,shap_r50,9,New,under,0.819003,0.211624,0.676102,0.494774,0.134597,0.076115,0.505226
split_3+13,3+13,shap_r50,9,Old,over,0.543936,0.050766,0.424848,0.219512,0.028702,0.177741,0.780488
split_3+13,3+13,shap_r50,9,New,over,0.787034,0.170398,0.655922,0.477352,0.103709,0.098708,0.522648
split_3+13,3+13,shap_r50,9,Old,hybrid,0.560830,0.046137,0.361476,0.149826,0.027267,0.127887,0.850174
split_3+13,3+13,shap_r50,9,New,hybrid,0.809134,0.177910,0.620711,0.418118,0.112994,0.078533,0.581882
split_3+13,3+13,shap_r50,9,Old_3,ensemble,0.566363,0.050082,0.418982,0.212544,0.028385,0.174073,0.787456
split_3+13,3+13,shap_r50,9,New_3,ensemble,0.825029,0.203184,0.657225,0.466899,0.129845,0.074865,0.533101
split_3+13,3+13,shap_r50,9,All_6,ensemble,0.772381,0.128348,0.595200,0.400697,0.076412,0.115882,0.599303
split_3+13,3+13,shap_r50,9,Old_under_New_under,ensemble,0.783902,0.151045,0.595800,0.390244,0.093645,0.090371,0.609756
split_3+13,3+13,shap_r50,9,Old_hybrid_New_hybrid,ensemble,0.749016,0.114983,0.622864,0.459930,0.065704,0.156482,0.540070
split_3+13,3+13,shap_r80,15,Old,under,0.566602,0.056615,0.388427,0.170732,0.033934,0.116298,0.829268
split_3+13,3+13,shap_r80,15,New,under,0.827505,0.188657,0.712343,0.567944,0.113116,0.106544,0.432056
split_3+13,3+13,shap_r80,15,Old,over,0.584189,0.057815,0.527776,0.393728,0.031198,0.292539,0.606272
split_3+13,3+13,shap_r80,15,New,over,0.788444,0.148429,0.648662,0.477352,0.087877,0.118549,0.522648
split_3+13,3+13,shap_r80,15,Old,hybrid,0.614283,0.059365,0.453252,0.247387,0.033729,0.169571,0.752613
split_3+13,3+13,shap_r80,15,New,hybrid,0.831137,0.161656,0.704453,0.571429,0.094145,0.131555,0.428571
split_3+13,3+13,shap_r80,15,Old_3,ensemble,0.604178,0.062164,0.531864,0.383275,0.033825,0.261942,0.616725
split_3+13,3+13,shap_r80,15,New_3,ensemble,0.842412,0.186211,0.702183,0.550523,0.112057,0.104377,0.449477
split_3+13,3+13,shap_r80,15,All_6,ensemble,0.794335,0.144592,0.622671,0.435540,0.086685,0.109796,0.564460
split_3+13,3+13,shap_r80,15,Old_under_New_under,ensemble,0.794615,0.166142,0.644258,0.459930,0.101382,0.097541,0.540070
split_3+13,3+13,shap_r80,15,Old_hybrid_New_hybrid,ensemble,0.783014,0.123433,0.619926,0.445993,0.071628,0.138308,0.554007
split_4+12,4+12,no_fs,19,Old,under,0.578354,0.057372,0.392167,0.174216,0.034341,0.117216,0.825784
split_4+12,4+12,no_fs,19,New,under,0.843976,0.208412,0.723482,0.578397,0.127106,0.095040,0.421603
split_4+12,4+12,no_fs,19,Old,over,0.573694,0.054886,0.436606,0.229965,0.031161,0.171071,0.770035
split_4+12,4+12,no_fs,19,New,over,0.793382,0.169195,0.671736,0.505226,0.101612,0.106878,0.494774
split_4+12,4+12,no_fs,19,Old,hybrid,0.609421,0.066366,0.483171,0.282230,0.037604,0.172822,0.717770
split_4+12,4+12,no_fs,19,New,hybrid,0.830832,0.189235,0.719920,0.581882,0.112991,0.109296,0.418118
split_4+12,4+12,no_fs,19,Old_3,ensemble,0.602254,0.064306,0.452262,0.240418,0.037117,0.149229,0.759582
split_4+12,4+12,no_fs,19,New_3,ensemble,0.850406,0.174690,0.730681,0.613240,0.101852,0.129387,0.386760
split_4+12,4+12,no_fs,19,All_6,ensemble,0.802306,0.146372,0.603616,0.404181,0.089368,0.098541,0.595819
split_4+12,4+12,no_fs,19,Old_under_New_under,ensemble,0.815728,0.159126,0.683514,0.533101,0.093521,0.123635,0.466899
split_4+12,4+12,no_fs,19,Old_hybrid_New_hybrid,ensemble,0.782548,0.132004,0.645358,0.484321,0.076416,0.140058,0.515679
split_4+12,4+12,mutual_info_r50,9,Old,under,0.594406,0.081301,0.478555,0.261324,0.048139,0.123635,0.738676
split_4+12,4+12,mutual_info_r50,9,New,under,0.845135,0.211796,0.708851,0.550523,0.131120,0.087286,0.449477
split_4+12,4+12,mutual_info_r50,9,Old,over,0.586934,0.082268,0.476371,0.257840,0.048942,0.119883,0.742160
split_4+12,4+12,mutual_info_r50,9,New,over,0.800466,0.156843,0.682603,0.533101,0.091947,0.125969,0.466899
split_4+12,4+12,mutual_info_r50,9,Old,hybrid,0.591939,0.075163,0.459080,0.240418,0.044545,0.123385,0.759582
split_4+12,4+12,mutual_info_r50,9,New,hybrid,0.828223,0.210526,0.688429,0.515679,0.132261,0.080950,0.484321
split_4+12,4+12,mutual_info_r50,9,Old_3,ensemble,0.602864,0.077160,0.476297,0.261324,0.045263,0.131888,0.738676
split_4+12,4+12,mutual_info_r50,9,New_3,ensemble,0.844058,0.246753,0.661811,0.463415,0.168142,0.054856,0.536585
split_4+12,4+12,mutual_info_r50,9,All_6,ensemble,0.797104,0.146776,0.582882,0.372822,0.091375,0.088704,0.627178
split_4+12,4+12,mutual_info_r50,9,Old_under_New_under,ensemble,0.811815,0.154002,0.679589,0.529617,0.090101,0.127970,0.470383
split_4+12,4+12,mutual_info_r50,9,Old_hybrid_New_hybrid,ensemble,0.773991,0.115442,0.593722,0.407666,0.067241,0.135306,0.592334
split_4+12,4+12,mutual_info_r80,15,Old,under,0.599811,0.072647,0.449330,0.229965,0.043137,0.122051,0.770035
split_4+12,4+12,mutual_info_r80,15,New,under,0.842728,0.194836,0.719774,0.578397,0.117149,0.104293,0.421603
split_4+12,4+12,mutual_info_r80,15,Old,over,0.588052,0.060691,0.438957,0.226481,0.035040,0.149229,0.773519
split_4+12,4+12,mutual_info_r80,15,New,over,0.802316,0.164811,0.676142,0.515679,0.098078,0.113464,0.484321
split_4+12,4+12,mutual_info_r80,15,Old,hybrid,0.610978,0.070161,0.499913,0.303136,0.039672,0.175573,0.696864
split_4+12,4+12,mutual_info_r80,15,New,hybrid,0.844801,0.208696,0.704189,0.543554,0.129139,0.087703,0.456446
split_4+12,4+12,mutual_info_r80,15,Old_3,ensemble,0.613431,0.067770,0.495547,0.299652,0.038205,0.180492,0.700348
split_4+12,4+12,mutual_info_r80,15,New_3,ensemble,0.857127,0.226174,0.713910,0.554007,0.142091,0.080033,0.445993
split_4+12,4+12,mutual_info_r80,15,All_6,ensemble,0.809148,0.146161,0.686818,0.550523,0.084267,0.143143,0.449477
split_4+12,4+12,mutual_info_r80,15,Old_under_New_under,ensemble,0.808324,0.172497,0.668766,0.498258,0.104303,0.102376,0.501742
split_4+12,4+12,mutual_info_r80,15,Old_hybrid_New_hybrid,ensemble,0.796567,0.139983,0.698684,0.581882,0.079562,0.161067,0.418118
split_4+12,4+12,shap_r50,9,Old,under,0.595338,0.067054,0.469548,0.261324,0.038462,0.156315,0.738676
split_4+12,4+12,shap_r50,9,New,under,0.816952,0.177597,0.689985,0.533101,0.106546,0.106961,0.466899
split_4+12,4+12,shap_r50,9,Old,over,0.544158,0.057477,0.405004,0.188153,0.033920,0.128220,0.811847
split_4+12,4+12,shap_r50,9,New,over,0.780630,0.160643,0.696911,0.557491,0.093842,0.128804,0.442509
split_4+12,4+12,shap_r50,9,Old,hybrid,0.562408,0.055441,0.403666,0.188153,0.032511,0.133972,0.811847
split_4+12,4+12,shap_r50,9,New,hybrid,0.820007,0.186107,0.670466,0.494774,0.114609,0.091455,0.505226
split_4+12,4+12,shap_r50,9,Old_3,ensemble,0.576352,0.057715,0.461073,0.261324,0.032439,0.186494,0.738676
split_4+12,4+12,shap_r50,9,New_3,ensemble,0.833009,0.215071,0.665977,0.477352,0.138804,0.070863,0.522648
split_4+12,4+12,shap_r50,9,All_6,ensemble,0.781425,0.117840,0.482516,0.250871,0.077005,0.071947,0.749129
split_4+12,4+12,shap_r50,9,Old_under_New_under,ensemble,0.787158,0.150900,0.635330,0.452962,0.090529,0.108879,0.547038
split_4+12,4+12,shap_r50,9,Old_hybrid_New_hybrid,ensemble,0.763117,0.121319,0.637712,0.480836,0.069416,0.154231,0.519164
split_4+12,4+12,shap_r80,15,Old,under,0.557686,0.061341,0.369372,0.149826,0.038565,0.089371,0.850174
split_4+12,4+12,shap_r80,15,New,under,0.840495,0.180564,0.698555,0.547038,0.108127,0.107962,0.452962
split_4+12,4+12,shap_r80,15,Old,over,0.571508,0.057460,0.414068,0.198606,0.033589,0.136724,0.801394
split_4+12,4+12,shap_r80,15,New,over,0.794163,0.147074,0.657889,0.494774,0.086375,0.125219,0.505226
split_4+12,4+12,shap_r80,15,Old,hybrid,0.641242,0.080436,0.527836,0.334495,0.045714,0.167070,0.665505
split_4+12,4+12,shap_r80,15,New,hybrid,0.831609,0.166667,0.727280,0.613240,0.096438,0.137474,0.386760
split_4+12,4+12,shap_r80,15,Old_3,ensemble,0.615803,0.070330,0.484156,0.278746,0.040241,0.159066,0.721254
split_4+12,4+12,shap_r80,15,New_3,ensemble,0.848781,0.199621,0.705899,0.550523,0.121914,0.094873,0.449477
split_4+12,4+12,shap_r80,15,All_6,ensemble,0.802871,0.144037,0.684008,0.547038,0.082937,0.144727,0.452962
split_4+12,4+12,shap_r80,15,Old_under_New_under,ensemble,0.797749,0.165109,0.696887,0.554007,0.097010,0.123385,0.445993
split_4+12,4+12,shap_r80,15,Old_hybrid_New_hybrid,ensemble,0.791457,0.136029,0.663952,0.515679,0.078348,0.145144,0.484321
split_5+11,5+11,no_fs,19,Old,under,0.594771,0.079084,0.479991,0.264808,0.046483,0.129971,0.735192
split_5+11,5+11,no_fs,19,New,under,0.821197,0.190835,0.691855,0.529617,0.116386,0.096207,0.470383
split_5+11,5+11,no_fs,19,Old,over,0.619589,0.074280,0.487051,0.278746,0.042849,0.148979,0.721254
split_5+11,5+11,no_fs,19,New,over,0.792022,0.174614,0.642246,0.452962,0.108153,0.089371,0.547038
split_5+11,5+11,no_fs,19,Old,hybrid,0.626303,0.077811,0.515011,0.317073,0.044347,0.163485,0.682927
split_5+11,5+11,no_fs,19,New,hybrid,0.834018,0.176471,0.727942,0.606272,0.103264,0.125969,0.393728
split_5+11,5+11,no_fs,19,Old_3,ensemble,0.633563,0.081308,0.519816,0.320557,0.046559,0.157065,0.679443
split_5+11,5+11,no_fs,19,New_3,ensemble,0.844489,0.183342,0.732256,0.609756,0.107891,0.120634,0.390244
split_5+11,5+11,no_fs,19,All_6,ensemble,0.804416,0.149031,0.673779,0.522648,0.086906,0.131388,0.477352
split_5+11,5+11,no_fs,19,Old_under_New_under,ensemble,0.790179,0.167003,0.627193,0.432056,0.103506,0.089537,0.567944
split_5+11,5+11,no_fs,19,Old_hybrid_New_hybrid,ensemble,0.790173,0.141593,0.673946,0.529617,0.081720,0.142393,0.470383
split_5+11,5+11,mutual_info_r50,9,Old,under,0.580816,0.058108,0.368051,0.149826,0.036044,0.095873,0.850174
split_5+11,5+11,mutual_info_r50,9,New,under,0.841402,0.254799,0.691717,0.508711,0.169965,0.059441,0.491289
split_5+11,5+11,mutual_info_r50,9,Old,over,0.569091,0.064553,0.415305,0.195122,0.038674,0.116048,0.804878
split_5+11,5+11,mutual_info_r50,9,New,over,0.814843,0.165727,0.674519,0.512195,0.098857,0.111713,0.487805
split_5+11,5+11,mutual_info_r50,9,Old,hybrid,0.590339,0.078520,0.506542,0.303136,0.045101,0.153564,0.696864
split_5+11,5+11,mutual_info_r50,9,New,hybrid,0.837880,0.209801,0.665020,0.477352,0.134446,0.073531,0.522648
split_5+11,5+11,mutual_info_r50,9,Old_3,ensemble,0.593227,0.086785,0.455601,0.229965,0.053485,0.097374,0.770035
split_5+11,5+11,mutual_info_r50,9,New_3,ensemble,0.853614,0.180666,0.724251,0.595819,0.106476,0.119633,0.404181
split_5+11,5+11,mutual_info_r50,9,All_6,ensemble,0.795499,0.141424,0.666633,0.515679,0.081949,0.138224,0.484321
split_5+11,5+11,mutual_info_r50,9,Old_under_New_under,ensemble,0.799205,0.159919,0.693005,0.550523,0.093546,0.127637,0.449477
split_5+11,5+11,mutual_info_r50,9,Old_hybrid_New_hybrid,ensemble,0.779852,0.126111,0.660121,0.519164,0.071773,0.160650,0.480836
split_5+11,5+11,mutual_info_r80,15,Old,under,0.567809,0.068873,0.475838,0.268293,0.039507,0.156065,0.731707
split_5+11,5+11,mutual_info_r80,15,New,under,0.853509,0.210728,0.722163,0.574913,0.129007,0.092872,0.425087
split_5+11,5+11,mutual_info_r80,15,Old,over,0.589509,0.071329,0.477644,0.268293,0.041132,0.149646,0.731707
split_5+11,5+11,mutual_info_r80,15,New,over,0.794136,0.152656,0.671581,0.515679,0.089588,0.125386,0.484321
split_5+11,5+11,mutual_info_r80,15,Old,hybrid,0.642611,0.071383,0.418544,0.195122,0.043682,0.102209,0.804878
split_5+11,5+11,mutual_info_r80,15,New,hybrid,0.842119,0.183295,0.701300,0.550523,0.109951,0.106628,0.449477
split_5+11,5+11,mutual_info_r80,15,Old_3,ensemble,0.621261,0.077381,0.541273,0.362369,0.043315,0.191496,0.637631
split_5+11,5+11,mutual_info_r80,15,New_3,ensemble,0.856488,0.205862,0.693540,0.526132,0.127966,0.085786,0.473868
split_5+11,5+11,mutual_info_r80,15,All_6,ensemble,0.810680,0.150376,0.655322,0.487805,0.088889,0.119633,0.512195
split_5+11,5+11,mutual_info_r80,15,Old_under_New_under,ensemble,0.807676,0.177215,0.634109,0.439024,0.111013,0.084118,0.560976
split_5+11,5+11,mutual_info_r80,15,Old_hybrid_New_hybrid,ensemble,0.799743,0.138462,0.640674,0.470383,0.081179,0.127386,0.529617
split_5+11,5+11,shap_r50,9,Old,under,0.614600,0.089103,0.479474,0.257840,0.053857,0.108378,0.742160
split_5+11,5+11,shap_r50,9,New,under,0.829181,0.169409,0.726786,0.609756,0.098370,0.133722,0.390244
split_5+11,5+11,shap_r50,9,Old,over,0.582707,0.068503,0.518655,0.337979,0.038114,0.204085,0.662021
split_5+11,5+11,shap_r50,9,New,over,0.795360,0.168350,0.681207,0.522648,0.100334,0.112130,0.477352
split_5+11,5+11,shap_r50,9,Old,hybrid,0.614942,0.077249,0.471075,0.254355,0.045540,0.127553,0.745645
split_5+11,5+11,shap_r50,9,New,hybrid,0.833769,0.193189,0.700318,0.543554,0.117470,0.097707,0.456446
split_5+11,5+11,shap_r50,9,Old_3,ensemble,0.619371,0.080544,0.483393,0.268293,0.047385,0.129054,0.731707
split_5+11,5+11,shap_r50,9,New_3,ensemble,0.842556,0.189573,0.743171,0.627178,0.111663,0.119383,0.372822
split_5+11,5+11,shap_r50,9,All_6,ensemble,0.794565,0.149660,0.681359,0.536585,0.086957,0.134806,0.463415
split_5+11,5+11,shap_r50,9,Old_under_New_under,ensemble,0.793051,0.167040,0.678837,0.519164,0.099532,0.112380,0.480836
split_5+11,5+11,shap_r50,9,Old_hybrid_New_hybrid,ensemble,0.782375,0.130751,0.684821,0.564460,0.073939,0.169154,0.435540
split_5+11,5+11,shap_r80,15,Old,under,0.587866,0.073304,0.452507,0.233449,0.043478,0.122885,0.766551
split_5+11,5+11,shap_r80,15,New,under,0.816249,0.187050,0.672761,0.498258,0.115137,0.091622,0.501742
split_5+11,5+11,shap_r80,15,Old,over,0.563678,0.057721,0.465574,0.268293,0.032339,0.192080,0.731707
split_5+11,5+11,shap_r80,15,New,over,0.796981,0.167979,0.636206,0.445993,0.103476,0.092455,0.554007
split_5+11,5+11,shap_r80,15,Old,hybrid,0.615613,0.068216,0.454979,0.240418,0.039747,0.138975,0.759582
split_5+11,5+11,shap_r80,15,New,hybrid,0.835745,0.197985,0.722543,0.581882,0.119286,0.102793,0.418118
split_5+11,5+11,shap_r80,15,Old_3,ensemble,0.602997,0.074157,0.450119,0.229965,0.044206,0.118966,0.770035
split_5+11,5+11,shap_r80,15,New_3,ensemble,0.842739,0.187464,0.711978,0.567944,0.112259,0.107461,0.432056
split_5+11,5+11,shap_r80,15,All_6,ensemble,0.795799,0.146561,0.633812,0.452962,0.087424,0.113130,0.547038
split_5+11,5+11,shap_r80,15,Old_under_New_under,ensemble,0.781769,0.156888,0.622252,0.428571,0.096019,0.096540,0.571429
split_5+11,5+11,shap_r80,15,Old_hybrid_New_hybrid,ensemble,0.791486,0.143198,0.671123,0.522648,0.082965,0.138224,0.477352
split_6+10,6+10,no_fs,19,Old,under,0.593489,0.071841,0.418738,0.195122,0.044025,0.101376,0.804878
split_6+10,6+10,no_fs,19,New,under,0.855665,0.230769,0.657367,0.459930,0.154026,0.060442,0.540070
split_6+10,6+10,no_fs,19,Old,over,0.603406,0.067192,0.483901,0.282230,0.038136,0.170321,0.717770
split_6+10,6+10,no_fs,19,New,over,0.803808,0.184064,0.684077,0.519164,0.111862,0.098624,0.480836
split_6+10,6+10,no_fs,19,Old,hybrid,0.636922,0.074988,0.477570,0.264808,0.043678,0.138724,0.735192
split_6+10,6+10,no_fs,19,New,hybrid,0.835468,0.202899,0.712536,0.560976,0.123846,0.094956,0.439024
split_6+10,6+10,no_fs,19,Old_3,ensemble,0.631670,0.078360,0.449225,0.226481,0.047376,0.108962,0.773519
split_6+10,6+10,no_fs,19,New_3,ensemble,0.857742,0.188235,0.749531,0.641115,0.110312,0.123718,0.358885
split_6+10,6+10,no_fs,19,All_6,ensemble,0.812901,0.159046,0.616202,0.418118,0.098200,0.091872,0.581882
split_6+10,6+10,no_fs,19,Old_under_New_under,ensemble,0.818149,0.181435,0.641701,0.449477,0.113656,0.083868,0.550523
split_6+10,6+10,no_fs,19,Old_hybrid_New_hybrid,ensemble,0.797089,0.138344,0.624539,0.442509,0.081988,0.118549,0.557491
split_6+10,6+10,mutual_info_r50,9,Old,under,0.568200,0.066844,0.437517,0.219512,0.039424,0.127970,0.780488
split_6+10,6+10,mutual_info_r50,9,New,under,0.808887,0.186846,0.633969,0.435540,0.118934,0.077199,0.564460
split_6+10,6+10,mutual_info_r50,9,Old,over,0.562739,0.066981,0.459399,0.247387,0.038734,0.146895,0.752613
split_6+10,6+10,mutual_info_r50,9,New,over,0.782984,0.183891,0.624250,0.421603,0.117590,0.075698,0.578397
split_6+10,6+10,mutual_info_r50,9,Old,hybrid,0.592283,0.068103,0.480022,0.275261,0.038859,0.162901,0.724739
split_6+10,6+10,mutual_info_r50,9,New,hybrid,0.819915,0.191549,0.659151,0.473868,0.120035,0.083118,0.526132
split_6+10,6+10,mutual_info_r50,9,Old_3,ensemble,0.583859,0.078534,0.434138,0.209059,0.048348,0.098458,0.790941
split_6+10,6+10,mutual_info_r50,9,New_3,ensemble,0.826700,0.175728,0.702589,0.557491,0.104302,0.114548,0.442509
split_6+10,6+10,mutual_info_r50,9,All_6,ensemble,0.769494,0.133497,0.583630,0.379791,0.080981,0.103126,0.620209
split_6+10,6+10,mutual_info_r50,9,Old_under_New_under,ensemble,0.759776,0.129512,0.610586,0.425087,0.076393,0.122968,0.574913
split_6+10,6+10,mutual_info_r50,9,Old_hybrid_New_hybrid,ensemble,0.769581,0.119981,0.616184,0.442509,0.069399,0.141976,0.557491
split_6+10,6+10,mutual_info_r80,15,Old,under,0.588447,0.077838,0.468708,0.250871,0.046065,0.124302,0.749129
split_6+10,6+10,mutual_info_r80,15,New,under,0.849394,0.189095,0.712476,0.567944,0.113431,0.106211,0.432056
split_6+10,6+10,mutual_info_r80,15,Old,over,0.594339,0.075306,0.480306,0.268293,0.043800,0.140142,0.731707
split_6+10,6+10,mutual_info_r80,15,New,over,0.814390,0.146835,0.713991,0.606272,0.083533,0.159150,0.393728
split_6+10,6+10,mutual_info_r80,15,Old,hybrid,0.619458,0.080281,0.490877,0.278746,0.046893,0.135556,0.721254
split_6+10,6+10,mutual_info_r80,15,New,hybrid,0.842460,0.155645,0.748564,0.672474,0.088007,0.166736,0.327526
split_6+10,6+10,mutual_info_r80,15,Old_3,ensemble,0.616399,0.085238,0.463793,0.240418,0.051802,0.105294,0.759582
split_6+10,6+10,mutual_info_r80,15,New_3,ensemble,0.859224,0.216963,0.723655,0.574913,0.133712,0.089120,0.425087
split_6+10,6+10,mutual_info_r80,15,All_6,ensemble,0.807811,0.158955,0.670199,0.508711,0.094194,0.117049,0.491289
split_6+10,6+10,mutual_info_r80,15,Old_under_New_under,ensemble,0.802594,0.162816,0.675443,0.515679,0.096669,0.115298,0.484321
split_6+10,6+10,mutual_info_r80,15,Old_hybrid_New_hybrid,ensemble,0.795328,0.135011,0.711176,0.616725,0.075803,0.179908,0.383275
split_6+10,6+10,shap_r50,9,Old,under,0.587550,0.078144,0.446173,0.222997,0.047372,0.107295,0.777003
split_6+10,6+10,shap_r50,9,New,under,0.839214,0.222387,0.694917,0.522648,0.141243,0.076032,0.477352
split_6+10,6+10,shap_r50,9,Old,over,0.575723,0.057204,0.471462,0.278746,0.031873,0.202584,0.721254
split_6+10,6+10,shap_r50,9,New,over,0.798535,0.158249,0.660176,0.491289,0.094314,0.112880,0.508711
split_6+10,6+10,shap_r50,9,Old,hybrid,0.596864,0.069957,0.506140,0.313589,0.039370,0.183076,0.686411
split_6+10,6+10,shap_r50,9,New,hybrid,0.829707,0.200297,0.658840,0.470383,0.127238,0.077199,0.529617
split_6+10,6+10,shap_r50,9,Old_3,ensemble,0.599069,0.067583,0.426123,0.205575,0.040439,0.116715,0.794425
split_6+10,6+10,shap_r50,9,New_3,ensemble,0.842608,0.199764,0.726755,0.588850,0.120285,0.103043,0.411150
split_6+10,6+10,shap_r50,9,All_6,ensemble,0.794601,0.139187,0.667359,0.519164,0.080367,0.142143,0.480836
split_6+10,6+10,shap_r50,9,Old_under_New_under,ensemble,0.803174,0.170290,0.664073,0.491289,0.102995,0.102376,0.508711
split_6+10,6+10,shap_r50,9,Old_hybrid_New_hybrid,ensemble,0.777199,0.131259,0.702450,0.602787,0.073648,0.181409,0.397213
split_6+10,6+10,shap_r80,15,Old,under,0.595670,0.077973,0.433917,0.209059,0.047923,0.099375,0.790941
split_6+10,6+10,shap_r80,15,New,under,0.856800,0.204842,0.720668,0.574913,0.124622,0.096624,0.425087
split_6+10,6+10,shap_r80,15,Old,over,0.605430,0.070917,0.534393,0.362369,0.039305,0.211922,0.637631
split_6+10,6+10,shap_r80,15,New,over,0.805828,0.148556,0.694950,0.564460,0.085533,0.144393,0.435540
split_6+10,6+10,shap_r80,15,Old,hybrid,0.635517,0.074361,0.522660,0.334495,0.041830,0.183326,0.665505
split_6+10,6+10,shap_r80,15,New,hybrid,0.845935,0.170787,0.752028,0.662021,0.098039,0.145727,0.337979
split_6+10,6+10,shap_r80,15,Old_3,ensemble,0.631004,0.081477,0.478646,0.261324,0.048263,0.123301,0.738676
split_6+10,6+10,shap_r80,15,New_3,ensemble,0.861957,0.216290,0.709854,0.550523,0.134583,0.084702,0.449477
split_6+10,6+10,shap_r80,15,All_6,ensemble,0.813546,0.157606,0.692044,0.550523,0.091967,0.130054,0.449477
split_6+10,6+10,shap_r80,15,Old_under_New_under,ensemble,0.810322,0.178710,0.609207,0.400697,0.115000,0.073781,0.599303
split_6+10,6+10,shap_r80,15,Old_hybrid_New_hybrid,ensemble,0.800528,0.145394,0.716337,0.613240,0.082474,0.163235,0.386760
split_7+9,7+9,no_fs,19,Old,under,0.611416,0.094987,0.476102,0.250871,0.058584,0.096457,0.749129
split_7+9,7+9,no_fs,19,New,under,0.848279,0.213811,0.715189,0.560976,0.132075,0.088203,0.439024
split_7+9,7+9,no_fs,19,Old,over,0.631436,0.077802,0.551009,0.379791,0.043340,0.200584,0.620209
split_7+9,7+9,no_fs,19,New,over,0.791811,0.160668,0.685972,0.536585,0.094479,0.123051,0.463415
split_7+9,7+9,no_fs,19,Old,hybrid,0.658024,0.083183,0.521126,0.320557,0.047792,0.152814,0.679443
split_7+9,7+9,no_fs,19,New,hybrid,0.840192,0.166065,0.740167,0.641115,0.095386,0.145477,0.358885
split_7+9,7+9,no_fs,19,Old_3,ensemble,0.658057,0.088143,0.505201,0.292683,0.051884,0.127970,0.707317
split_7+9,7+9,no_fs,19,New_3,ensemble,0.855280,0.204082,0.729816,0.592334,0.123278,0.100792,0.407666
split_7+9,7+9,no_fs,19,All_6,ensemble,0.818851,0.165848,0.650454,0.470383,0.100671,0.100542,0.529617
split_7+9,7+9,no_fs,19,Old_under_New_under,ensemble,0.814109,0.167866,0.661314,0.487805,0.101376,0.103460,0.512195
split_7+9,7+9,no_fs,19,Old_hybrid_New_hybrid,ensemble,0.803472,0.155286,0.659120,0.491289,0.092217,0.115715,0.508711
split_7+9,7+9,mutual_info_r50,9,Old,under,0.617108,0.093049,0.510139,0.296167,0.055195,0.121301,0.703833
split_7+9,7+9,mutual_info_r50,9,New,under,0.848514,0.193342,0.690529,0.526132,0.118431,0.093706,0.473868
split_7+9,7+9,mutual_info_r50,9,Old,over,0.597825,0.075073,0.444775,0.222997,0.045134,0.112880,0.777003
split_7+9,7+9,mutual_info_r50,9,New,over,0.803568,0.175325,0.653101,0.470383,0.107741,0.093206,0.529617
split_7+9,7+9,mutual_info_r50,9,Old,hybrid,0.643461,0.094895,0.495431,0.275261,0.057329,0.108295,0.724739
split_7+9,7+9,mutual_info_r50,9,New,hybrid,0.832864,0.196416,0.662352,0.477352,0.123646,0.080950,0.522648
split_7+9,7+9,mutual_info_r50,9,Old_3,ensemble,0.636583,0.088922,0.434468,0.205575,0.056731,0.081784,0.794425
split_7+9,7+9,mutual_info_r50,9,New_3,ensemble,0.851469,0.194969,0.698843,0.540070,0.118956,0.095707,0.459930
split_7+9,7+9,mutual_info_r50,9,All_6,ensemble,0.815745,0.161880,0.625842,0.432056,0.099598,0.093456,0.567944
split_7+9,7+9,mutual_info_r50,9,Old_under_New_under,ensemble,0.817312,0.160516,0.652912,0.477352,0.096479,0.106961,0.522648
split_7+9,7+9,mutual_info_r50,9,Old_hybrid_New_hybrid,ensemble,0.800598,0.142949,0.591201,0.386760,0.087678,0.096290,0.613240
split_7+9,7+9,mutual_info_r80,15,Old,under,0.615882,0.083669,0.546881,0.362369,0.047294,0.174656,0.637631
split_7+9,7+9,mutual_info_r80,15,New,under,0.844375,0.204485,0.701223,0.540070,0.126119,0.089537,0.459930
split_7+9,7+9,mutual_info_r80,15,Old,over,0.625318,0.078993,0.461018,0.240418,0.047260,0.115965,0.759582
split_7+9,7+9,mutual_info_r80,15,New,over,0.820601,0.142403,0.719170,0.623693,0.080377,0.170738,0.376307
split_7+9,7+9,mutual_info_r80,15,Old,hybrid,0.648175,0.079140,0.518220,0.320557,0.045142,0.162234,0.679443
split_7+9,7+9,mutual_info_r80,15,New,hybrid,0.837573,0.177491,0.736918,0.623693,0.103468,0.129304,0.376307
split_7+9,7+9,mutual_info_r80,15,Old_3,ensemble,0.655017,0.091579,0.514365,0.303136,0.053937,0.127220,0.696864
split_7+9,7+9,mutual_info_r80,15,New_3,ensemble,0.859006,0.183259,0.749310,0.644599,0.106813,0.128970,0.355401
split_7+9,7+9,mutual_info_r80,15,All_6,ensemble,0.819508,0.172903,0.650349,0.466899,0.106097,0.094123,0.533101
split_7+9,7+9,mutual_info_r80,15,Old_under_New_under,ensemble,0.809732,0.169385,0.702156,0.560976,0.099752,0.121134,0.439024
split_7+9,7+9,mutual_info_r80,15,Old_hybrid_New_hybrid,ensemble,0.801120,0.144390,0.668018,0.515679,0.083948,0.134639,0.484321
split_7+9,7+9,shap_r50,9,Old,under,0.612075,0.080130,0.475287,0.257840,0.047436,0.123885,0.742160
split_7+9,7+9,shap_r50,9,New,under,0.841371,0.198802,0.720912,0.578397,0.120029,0.101459,0.421603
split_7+9,7+9,shap_r50,9,Old,over,0.586304,0.067227,0.462147,0.250871,0.038814,0.148645,0.749129
split_7+9,7+9,shap_r50,9,New,over,0.795483,0.174917,0.700456,0.554007,0.103854,0.114381,0.445993
split_7+9,7+9,shap_r50,9,Old,hybrid,0.636933,0.082126,0.504224,0.296167,0.047672,0.141559,0.703833
split_7+9,7+9,shap_r50,9,New,hybrid,0.837839,0.182590,0.726709,0.599303,0.107702,0.118799,0.400697
split_7+9,7+9,shap_r50,9,Old_3,ensemble,0.629038,0.078565,0.492313,0.282230,0.045634,0.141226,0.717770
split_7+9,7+9,shap_r50,9,New_3,ensemble,0.843865,0.218947,0.706438,0.543554,0.137083,0.081867,0.456446
split_7+9,7+9,shap_r50,9,All_6,ensemble,0.802471,0.158809,0.696143,0.557491,0.092593,0.130721,0.442509
split_7+9,7+9,shap_r50,9,Old_under_New_under,ensemble,0.804789,0.194147,0.659721,0.473868,0.122083,0.081534,0.526132
split_7+9,7+9,shap_r50,9,Old_hybrid_New_hybrid,ensemble,0.795993,0.138485,0.646514,0.480836,0.080891,0.130721,0.519164
split_7+9,7+9,shap_r80,15,Old,under,0.618167,0.083256,0.516646,0.313589,0.048000,0.148812,0.686411
split_7+9,7+9,shap_r80,15,New,under,0.854736,0.217134,0.687685,0.512195,0.137769,0.076699,0.487805
split_7+9,7+9,shap_r80,15,Old,over,0.614073,0.072246,0.431460,0.209059,0.043668,0.109546,0.790941
split_7+9,7+9,shap_r80,15,New,over,0.814855,0.151239,0.716430,0.606272,0.086395,0.153397,0.393728
split_7+9,7+9,shap_r80,15,Old,hybrid,0.652900,0.089060,0.498086,0.282230,0.052872,0.120967,0.717770
split_7+9,7+9,shap_r80,15,New,hybrid,0.836317,0.191943,0.711446,0.564460,0.115632,0.103293,0.435540
split_7+9,7+9,shap_r80,15,Old_3,ensemble,0.643892,0.085371,0.546221,0.358885,0.048448,0.168654,0.641115
split_7+9,7+9,shap_r80,15,New_3,ensemble,0.858364,0.204734,0.735511,0.602787,0.123307,0.102543,0.397213
split_7+9,7+9,shap_r80,15,All_6,ensemble,0.817361,0.150759,0.681851,0.536585,0.087699,0.133556,0.463415
split_7+9,7+9,shap_r80,15,Old_under_New_under,ensemble,0.811125,0.181818,0.654750,0.470383,0.112688,0.088620,0.529617
split_7+9,7+9,shap_r80,15,Old_hybrid_New_hybrid,ensemble,0.802649,0.136293,0.709013,0.609756,0.076721,0.175573,0.390244
split_8+8,8+8,no_fs,19,Old,under,0.643759,0.082015,0.465244,0.243902,0.049296,0.112547,0.756098
split_8+8,8+8,no_fs,19,New,under,0.843779,0.217976,0.702214,0.536585,0.136767,0.081034,0.463415
split_8+8,8+8,no_fs,19,Old,over,0.632660,0.073348,0.531508,0.351916,0.040940,0.197249,0.648084
split_8+8,8+8,no_fs,19,New,over,0.805333,0.164456,0.689274,0.540070,0.096996,0.120300,0.459930
split_8+8,8+8,no_fs,19,Old,hybrid,0.698133,0.099117,0.550915,0.351916,0.057681,0.137557,0.648084
split_8+8,8+8,no_fs,19,New,hybrid,0.832584,0.212474,0.703050,0.540070,0.132253,0.084785,0.459930
split_8+8,8+8,no_fs,19,Old_3,ensemble,0.685230,0.094650,0.527953,0.320557,0.055522,0.130471,0.679443
split_8+8,8+8,no_fs,19,New_3,ensemble,0.851475,0.192102,0.744050,0.627178,0.113422,0.117299,0.372822
split_8+8,8+8,no_fs,19,All_6,ensemble,0.822611,0.167359,0.663178,0.491289,0.100858,0.104794,0.508711
split_8+8,8+8,no_fs,19,Old_under_New_under,ensemble,0.816272,0.172374,0.684468,0.526132,0.103072,0.109546,0.473868
split_8+8,8+8,no_fs,19,Old_hybrid_New_hybrid,ensemble,0.807631,0.152406,0.712112,0.595819,0.087379,0.148895,0.404181
split_8+8,8+8,mutual_info_r50,9,Old,under,0.662891,0.098718,0.491469,0.268293,0.060487,0.099708,0.731707
split_8+8,8+8,mutual_info_r50,9,New,under,0.860122,0.175953,0.737982,0.627178,0.102331,0.131638,0.372822
split_8+8,8+8,mutual_info_r50,9,Old,over,0.600128,0.080678,0.536343,0.348432,0.045620,0.174406,0.651568
split_8+8,8+8,mutual_info_r50,9,New,over,0.809419,0.159873,0.680064,0.526132,0.094257,0.120967,0.473868
split_8+8,8+8,mutual_info_r50,9,Old,hybrid,0.680265,0.098023,0.587145,0.414634,0.055582,0.168570,0.585366
split_8+8,8+8,mutual_info_r50,9,New,hybrid,0.846863,0.171171,0.752212,0.662021,0.098293,0.145311,0.337979
split_8+8,8+8,mutual_info_r50,9,Old_3,ensemble,0.666911,0.107201,0.550393,0.344948,0.063462,0.121801,0.655052
split_8+8,8+8,mutual_info_r50,9,New_3,ensemble,0.860141,0.210672,0.696625,0.529617,0.131488,0.083702,0.470383
split_8+8,8+8,mutual_info_r50,9,All_6,ensemble,0.819627,0.155208,0.674488,0.519164,0.091243,0.123718,0.480836
split_8+8,8+8,mutual_info_r50,9,Old_under_New_under,ensemble,0.821635,0.180730,0.687059,0.526132,0.109104,0.102793,0.473868
split_8+8,8+8,mutual_info_r50,9,Old_hybrid_New_hybrid,ensemble,0.815122,0.146497,0.729402,0.641115,0.082697,0.170154,0.358885
split_8+8,8+8,mutual_info_r80,15,Old,under,0.630550,0.075640,0.456542,0.236934,0.045003,0.120300,0.763066
split_8+8,8+8,mutual_info_r80,15,New,under,0.840507,0.211472,0.698818,0.533101,0.131897,0.083952,0.466899
split_8+8,8+8,mutual_info_r80,15,Old,over,0.629735,0.072636,0.530763,0.351916,0.040497,0.199500,0.648084
split_8+8,8+8,mutual_info_r80,15,New,over,0.814298,0.175104,0.677520,0.512195,0.105603,0.103793,0.487805
split_8+8,8+8,mutual_info_r80,15,Old,hybrid,0.688705,0.090377,0.560107,0.376307,0.051355,0.166319,0.623693
split_8+8,8+8,mutual_info_r80,15,New,hybrid,0.845215,0.194724,0.698779,0.540070,0.118774,0.095873,0.459930
split_8+8,8+8,mutual_info_r80,15,Old_3,ensemble,0.675289,0.084927,0.561523,0.386760,0.047701,0.184744,0.613240
split_8+8,8+8,mutual_info_r80,15,New_3,ensemble,0.856832,0.178237,0.740597,0.630662,0.103784,0.130304,0.369338
split_8+8,8+8,mutual_info_r80,15,All_6,ensemble,0.815783,0.155000,0.685508,0.540070,0.090485,0.129887,0.459930
split_8+8,8+8,mutual_info_r80,15,Old_under_New_under,ensemble,0.799828,0.165493,0.662591,0.491289,0.099506,0.106378,0.508711
split_8+8,8+8,mutual_info_r80,15,Old_hybrid_New_hybrid,ensemble,0.807957,0.167447,0.667212,0.498258,0.100633,0.106544,0.501742
split_8+8,8+8,shap_r50,9,Old,under,0.651591,0.104317,0.434935,0.202091,0.070303,0.063943,0.797909
split_8+8,8+8,shap_r50,9,New,under,0.858582,0.178302,0.753843,0.658537,0.103110,0.137057,0.341463
split_8+8,8+8,shap_r50,9,Old,over,0.619142,0.086090,0.529762,0.331010,0.049479,0.152147,0.668990
split_8+8,8+8,shap_r50,9,New,over,0.820835,0.159965,0.732316,0.630662,0.091599,0.149646,0.369338
split_8+8,8+8,shap_r50,9,Old,hybrid,0.662435,0.102621,0.531761,0.320557,0.061089,0.117882,0.679443
split_8+8,8+8,shap_r50,9,New,hybrid,0.845392,0.206897,0.726855,0.585366,0.125654,0.097457,0.414634
split_8+8,8+8,shap_r50,9,Old_3,ensemble,0.666179,0.108765,0.560255,0.358885,0.064095,0.125386,0.641115
split_8+8,8+8,shap_r50,9,New_3,ensemble,0.860387,0.233803,0.729225,0.578397,0.146514,0.080617,0.421603
split_8+8,8+8,shap_r50,9,All_6,ensemble,0.820961,0.177275,0.682113,0.519164,0.106887,0.103793,0.480836
split_8+8,8+8,shap_r50,9,Old_under_New_under,ensemble,0.822948,0.182553,0.701071,0.550523,0.109418,0.107211,0.449477
split_8+8,8+8,shap_r50,9,Old_hybrid_New_hybrid,ensemble,0.804328,0.142574,0.720813,0.627178,0.080429,0.171571,0.372822
split_8+8,8+8,shap_r80,15,Old,under,0.653346,0.093168,0.483875,0.261324,0.056689,0.104043,0.738676
split_8+8,8+8,shap_r80,15,New,under,0.847062,0.216115,0.738545,0.602787,0.131659,0.095123,0.397213
split_8+8,8+8,shap_r80,15,Old,over,0.649192,0.085020,0.503508,0.292683,0.049734,0.133806,0.707317
split_8+8,8+8,shap_r80,15,New,over,0.814340,0.187838,0.664653,0.484321,0.116513,0.087870,0.515679
split_8+8,8+8,shap_r80,15,Old,hybrid,0.696161,0.112038,0.540473,0.327526,0.067577,0.108128,0.672474
split_8+8,8+8,shap_r80,15,New,hybrid,0.851768,0.208000,0.729015,0.588850,0.126308,0.097457,0.411150
split_8+8,8+8,shap_r80,15,Old_3,ensemble,0.693450,0.113095,0.586287,0.397213,0.065934,0.134639,0.602787
split_8+8,8+8,shap_r80,15,New_3,ensemble,0.860128,0.211946,0.722462,0.574913,0.129921,0.092122,0.425087
split_8+8,8+8,shap_r80,15,All_6,ensemble,0.827481,0.179634,0.698261,0.547038,0.107461,0.108712,0.452962
split_8+8,8+8,shap_r80,15,Old_under_New_under,ensemble,0.815432,0.200143,0.669534,0.487805,0.125899,0.081034,0.512195
split_8+8,8+8,shap_r80,15,Old_hybrid_New_hybrid,ensemble,0.821716,0.171429,0.682230,0.522648,0.102529,0.109462,0.477352
split_9+7,9+7,no_fs,19,Old,under,0.668079,0.096751,0.461935,0.233449,0.061020,0.085952,0.766551
split_9+7,9+7,no_fs,19,New,under,0.836622,0.233589,0.668988,0.477352,0.154628,0.062443,0.522648
split_9+7,9+7,no_fs,19,Old,over,0.662176,0.091776,0.546558,0.351916,0.052769,0.151146,0.648084
split_9+7,9+7,no_fs,19,New,over,0.809206,0.174284,0.669294,0.498258,0.105613,0.100959,0.501742
split_9+7,9+7,no_fs,19,Old,hybrid,0.715616,0.113730,0.580218,0.386760,0.066667,0.129554,0.613240
split_9+7,9+7,no_fs,19,New,hybrid,0.836410,0.179684,0.732638,0.613240,0.105263,0.124719,0.386760
split_9+7,9+7,no_fs,19,Old_3,ensemble,0.707840,0.107673,0.521295,0.303136,0.065463,0.103543,0.696864
split_9+7,9+7,no_fs,19,New_3,ensemble,0.852667,0.232106,0.730821,0.581882,0.144965,0.082118,0.418118
split_9+7,9+7,no_fs,19,All_6,ensemble,0.825276,0.162637,0.675379,0.515679,0.096543,0.115465,0.484321
split_9+7,9+7,no_fs,19,Old_under_New_under,ensemble,0.807492,0.214945,0.645864,0.445993,0.141593,0.064694,0.554007
split_9+7,9+7,no_fs,19,Old_hybrid_New_hybrid,ensemble,0.815330,0.171801,0.672550,0.505226,0.103498,0.104710,0.494774
split_9+7,9+7,mutual_info_r50,9,Old,under,0.660522,0.091752,0.542208,0.344948,0.052913,0.147728,0.655052
split_9+7,9+7,mutual_info_r50,9,New,under,0.808294,0.174658,0.689051,0.533101,0.104437,0.109379,0.466899
split_9+7,9+7,mutual_info_r50,9,Old,over,0.644401,0.096976,0.549716,0.351916,0.056236,0.141309,0.648084
split_9+7,9+7,mutual_info_r50,9,New,over,0.785522,0.125835,0.707103,0.623693,0.069977,0.198333,0.376307
split_9+7,9+7,mutual_info_r50,9,Old,hybrid,0.678258,0.097095,0.601061,0.442509,0.054530,0.183576,0.557491
split_9+7,9+7,mutual_info_r50,9,New,hybrid,0.830484,0.177096,0.684016,0.522648,0.106610,0.104794,0.477352
split_9+7,9+7,mutual_info_r50,9,Old_3,ensemble,0.678946,0.110114,0.534817,0.320557,0.066474,0.107712,0.679443
split_9+7,9+7,mutual_info_r50,9,New_3,ensemble,0.831593,0.157018,0.727580,0.623693,0.089814,0.151230,0.376307
split_9+7,9+7,mutual_info_r50,9,All_6,ensemble,0.803497,0.158859,0.688934,0.543554,0.093023,0.126803,0.456446
split_9+7,9+7,mutual_info_r50,9,Old_under_New_under,ensemble,0.790717,0.182067,0.650536,0.463415,0.113288,0.086786,0.536585
split_9+7,9+7,mutual_info_r50,9,Old_hybrid_New_hybrid,ensemble,0.797229,0.140572,0.699031,0.581882,0.079943,0.160233,0.418118
split_9+7,9+7,mutual_info_r80,15,Old,under,0.662210,0.096288,0.506511,0.289199,0.057759,0.112880,0.710801
split_9+7,9+7,mutual_info_r80,15,New,under,0.851304,0.244833,0.707133,0.536585,0.158599,0.068112,0.463415
split_9+7,9+7,mutual_info_r80,15,Old,over,0.656175,0.085863,0.538269,0.344948,0.049034,0.160067,0.655052
split_9+7,9+7,mutual_info_r80,15,New,over,0.812556,0.172473,0.684500,0.526132,0.103142,0.109462,0.473868
split_9+7,9+7,mutual_info_r80,15,Old,hybrid,0.709751,0.101354,0.583636,0.404181,0.057942,0.157232,0.595819
split_9+7,9+7,mutual_info_r80,15,New,hybrid,0.847493,0.191090,0.713074,0.567944,0.114870,0.104710,0.432056
split_9+7,9+7,mutual_info_r80,15,Old_3,ensemble,0.702268,0.102345,0.541166,0.334495,0.060415,0.124469,0.665505
split_9+7,9+7,mutual_info_r80,15,New_3,ensemble,0.859582,0.201084,0.723415,0.581882,0.121543,0.100625,0.418118
split_9+7,9+7,mutual_info_r80,15,All_6,ensemble,0.830697,0.193991,0.607139,0.393728,0.128702,0.063777,0.606272
split_9+7,9+7,mutual_info_r80,15,Old_under_New_under,ensemble,0.818283,0.202513,0.663612,0.477352,0.128518,0.077449,0.522648
split_9+7,9+7,mutual_info_r80,15,Old_hybrid_New_hybrid,ensemble,0.824378,0.171171,0.685991,0.529617,0.102082,0.111463,0.470383
split_9+7,9+7,shap_r50,9,Old,under,0.684377,0.114152,0.484632,0.254355,0.073589,0.076615,0.745645
split_9+7,9+7,shap_r50,9,New,under,0.864880,0.217135,0.725612,0.578397,0.133655,0.089704,0.421603
split_9+7,9+7,shap_r50,9,Old,over,0.642595,0.091422,0.499195,0.282230,0.054545,0.117049,0.717770
split_9+7,9+7,shap_r50,9,New,over,0.807593,0.173088,0.692338,0.540070,0.103059,0.112464,0.459930
split_9+7,9+7,shap_r50,9,Old,hybrid,0.676248,0.105737,0.537941,0.327526,0.063045,0.116465,0.672474
split_9+7,9+7,shap_r50,9,New,hybrid,0.856339,0.197701,0.731643,0.599303,0.118376,0.106794,0.400697
split_9+7,9+7,shap_r50,9,Old_3,ensemble,0.683929,0.109049,0.539310,0.327526,0.065414,0.111963,0.672474
split_9+7,9+7,shap_r50,9,New_3,ensemble,0.865655,0.214943,0.763413,0.651568,0.128699,0.105544,0.348432
split_9+7,9+7,shap_r50,9,All_6,ensemble,0.828173,0.185933,0.690514,0.529617,0.112760,0.099708,0.470383
split_9+7,9+7,shap_r50,9,Old_under_New_under,ensemble,0.837624,0.189006,0.693327,0.533101,0.114865,0.098291,0.466899
split_9+7,9+7,shap_r50,9,Old_hybrid_New_hybrid,ensemble,0.816857,0.153523,0.732042,0.637631,0.087268,0.159566,0.362369
split_9+7,9+7,shap_r80,15,Old,under,0.677450,0.104545,0.470209,0.240418,0.066796,0.080367,0.759582
split_9+7,9+7,shap_r80,15,New,under,0.858873,0.206543,0.713454,0.560976,0.126572,0.092622,0.439024
split_9+7,9+7,shap_r80,15,Old,over,0.665769,0.087404,0.578396,0.414634,0.048851,0.193164,0.585366
split_9+7,9+7,shap_r80,15,New,over,0.820340,0.192678,0.688366,0.522648,0.118110,0.093372,0.477352
split_9+7,9+7,shap_r80,15,Old,hybrid,0.734679,0.128958,0.588824,0.390244,0.077241,0.111546,0.609756
split_9+7,9+7,shap_r80,15,New,hybrid,0.853511,0.229098,0.743503,0.606272,0.141234,0.088203,0.393728
split_9+7,9+7,shap_r80,15,Old_3,ensemble,0.723038,0.115913,0.587669,0.397213,0.067857,0.130554,0.602787
split_9+7,9+7,shap_r80,15,New_3,ensemble,0.869470,0.201754,0.754188,0.641115,0.119714,0.112797,0.358885
split_9+7,9+7,shap_r80,15,All_6,ensemble,0.840216,0.176667,0.701050,0.554007,0.105089,0.112880,0.445993
split_9+7,9+7,shap_r80,15,Old_under_New_under,ensemble,0.819601,0.195667,0.668562,0.487805,0.122378,0.083702,0.512195
split_9+7,9+7,shap_r80,15,Old_hybrid_New_hybrid,ensemble,0.833858,0.182992,0.723292,0.592334,0.108211,0.116799,0.407666
split_10+6,10+6,no_fs,19,Old,under,0.731805,0.126768,0.607326,0.421603,0.074599,0.125135,0.578397
split_10+6,10+6,no_fs,19,New,under,0.849344,0.201595,0.741820,0.616725,0.120490,0.107712,0.383275
split_10+6,10+6,no_fs,19,Old,over,0.712485,0.105445,0.597977,0.425087,0.060187,0.158816,0.574913
split_10+6,10+6,no_fs,19,New,over,0.809391,0.178404,0.649644,0.463415,0.110465,0.089287,0.536585
split_10+6,10+6,no_fs,19,Old,hybrid,0.762398,0.131369,0.578305,0.372822,0.079732,0.102960,0.627178
split_10+6,10+6,no_fs,19,New,hybrid,0.837558,0.222054,0.688616,0.512195,0.141755,0.074198,0.487805
split_10+6,10+6,no_fs,19,Old_3,ensemble,0.766889,0.143056,0.572249,0.358885,0.089332,0.087536,0.641115
split_10+6,10+6,no_fs,19,New_3,ensemble,0.858114,0.231405,0.704821,0.536585,0.147510,0.074198,0.463415
split_10+6,10+6,no_fs,19,All_6,ensemble,0.843123,0.189140,0.697263,0.540070,0.114645,0.099792,0.459930
split_10+6,10+6,no_fs,19,Old_under_New_under,ensemble,0.828296,0.211566,0.692751,0.522648,0.132626,0.081784,0.477352
split_10+6,10+6,no_fs,19,Old_hybrid_New_hybrid,ensemble,0.833150,0.175182,0.716917,0.585366,0.103004,0.121967,0.414634
split_10+6,10+6,mutual_info_r50,9,Old,under,0.714344,0.114072,0.571629,0.372822,0.067338,0.123551,0.627178
split_10+6,10+6,mutual_info_r50,9,New,under,0.838542,0.206107,0.715272,0.564460,0.126070,0.093622,0.435540
split_10+6,10+6,mutual_info_r50,9,Old,over,0.712038,0.103383,0.621804,0.473868,0.058020,0.184077,0.526132
split_10+6,10+6,mutual_info_r50,9,New,over,0.811862,0.189519,0.650064,0.459930,0.119349,0.081201,0.540070
split_10+6,10+6,mutual_info_r50,9,Old,hybrid,0.740185,0.122780,0.605530,0.421603,0.071853,0.130304,0.578397
split_10+6,10+6,mutual_info_r50,9,New,hybrid,0.847468,0.172249,0.736421,0.627178,0.099834,0.135306,0.372822
split_10+6,10+6,mutual_info_r50,9,Old_3,ensemble,0.743971,0.122929,0.592979,0.400697,0.072601,0.122468,0.599303
split_10+6,10+6,mutual_info_r50,9,New_3,ensemble,0.853967,0.252613,0.689252,0.505226,0.168409,0.059692,0.494774
split_10+6,10+6,mutual_info_r50,9,All_6,ensemble,0.834163,0.198925,0.685864,0.515679,0.123231,0.087787,0.484321
split_10+6,10+6,mutual_info_r50,9,Old_under_New_under,ensemble,0.819794,0.216606,0.693788,0.522648,0.136612,0.079033,0.477352
split_10+6,10+6,mutual_info_r50,9,Old_hybrid_New_hybrid,ensemble,0.827490,0.140865,0.744346,0.686411,0.078486,0.192830,0.313589
split_10+6,10+6,mutual_info_r80,15,Old,under,0.733836,0.127915,0.550743,0.334495,0.079077,0.093206,0.665505
split_10+6,10+6,mutual_info_r80,15,New,under,0.828719,0.228707,0.685576,0.505226,0.147808,0.069696,0.494774
split_10+6,10+6,mutual_info_r80,15,Old,over,0.709746,0.107469,0.552825,0.348432,0.063532,0.122885,0.651568
split_10+6,10+6,mutual_info_r80,15,New,over,0.805371,0.166667,0.688218,0.536585,0.098655,0.117299,0.463415
split_10+6,10+6,mutual_info_r80,15,Old,hybrid,0.756089,0.127229,0.629630,0.459930,0.073826,0.138058,0.540070
split_10+6,10+6,mutual_info_r80,15,New,hybrid,0.852240,0.157458,0.784993,0.759582,0.087832,0.188745,0.240418
split_10+6,10+6,mutual_info_r80,15,Old_3,ensemble,0.761180,0.122900,0.619656,0.445993,0.071269,0.139058,0.554007
split_10+6,10+6,mutual_info_r80,15,New_3,ensemble,0.861243,0.184601,0.762992,0.672474,0.106984,0.134306,0.327526
split_10+6,10+6,mutual_info_r80,15,All_6,ensemble,0.840230,0.179072,0.714732,0.578397,0.105935,0.116799,0.421603
split_10+6,10+6,mutual_info_r80,15,Old_under_New_under,ensemble,0.817497,0.212097,0.661068,0.470383,0.136917,0.070946,0.529617
split_10+6,10+6,mutual_info_r80,15,Old_hybrid_New_hybrid,ensemble,0.834505,0.170586,0.743911,0.644599,0.098300,0.141476,0.355401
split_10+6,10+6,shap_r50,9,Old,under,0.746072,0.151858,0.551476,0.327526,0.098843,0.071446,0.672474
split_10+6,10+6,shap_r50,9,New,under,0.864690,0.238206,0.706025,0.536585,0.153082,0.071030,0.463415
split_10+6,10+6,shap_r50,9,Old,over,0.706656,0.122137,0.586138,0.390244,0.072398,0.119633,0.609756
split_10+6,10+6,shap_r50,9,New,over,0.830852,0.201767,0.663463,0.477352,0.127918,0.077866,0.522648
split_10+6,10+6,shap_r50,9,Old,hybrid,0.746820,0.131476,0.602914,0.411150,0.078249,0.115882,0.588850
split_10+6,10+6,shap_r50,9,New,hybrid,0.859983,0.190779,0.743593,0.627178,0.112500,0.118383,0.372822
split_10+6,10+6,shap_r50,9,Old_3,ensemble,0.756026,0.140487,0.625366,0.442509,0.083498,0.116215,0.557491
split_10+6,10+6,shap_r50,9,New_3,ensemble,0.871035,0.219420,0.741222,0.606272,0.133949,0.093789,0.393728
split_10+6,10+6,shap_r50,9,All_6,ensemble,0.852463,0.198385,0.731847,0.599303,0.118867,0.106294,0.400697
split_10+6,10+6,shap_r50,9,Old_under_New_under,ensemble,0.852747,0.203586,0.740619,0.613240,0.122053,0.105544,0.386760
split_10+6,10+6,shap_r50,9,Old_hybrid_New_hybrid,ensemble,0.841721,0.179264,0.747694,0.644599,0.104108,0.132722,0.355401
split_10+6,10+6,shap_r80,15,Old,under,0.739244,0.120571,0.589806,0.397213,0.071072,0.124218,0.602787
split_10+6,10+6,shap_r80,15,New,under,0.848165,0.187182,0.749139,0.641115,0.109589,0.124635,0.358885
split_10+6,10+6,shap_r80,15,Old,over,0.711000,0.096343,0.617289,0.477352,0.053578,0.201751,0.522648
split_10+6,10+6,shap_r80,15,New,over,0.811271,0.174182,0.665213,0.491289,0.105856,0.099291,0.508711
split_10+6,10+6,shap_r80,15,Old,hybrid,0.770884,0.137673,0.628365,0.449477,0.081285,0.121551,0.550523
split_10+6,10+6,shap_r80,15,New,hybrid,0.835389,0.185243,0.736429,0.616725,0.108990,0.120634,0.383275
split_10+6,10+6,shap_r80,15,Old_3,ensemble,0.766553,0.142494,0.593365,0.390244,0.087160,0.097791,0.609756
split_10+6,10+6,shap_r80,15,New_3,ensemble,0.855301,0.200343,0.737858,0.609756,0.119863,0.107128,0.390244
split_10+6,10+6,shap_r80,15,All_6,ensemble,0.838475,0.189616,0.721869,0.585366,0.113131,0.109796,0.414634
split_10+6,10+6,shap_r80,15,Old_under_New_under,ensemble,0.834861,0.178632,0.699826,0.550523,0.106613,0.110379,0.449477
split_10+6,10+6,shap_r80,15,Old_hybrid_New_hybrid,ensemble,0.832933,0.165617,0.739950,0.641115,0.095090,0.145977,0.358885
split_11+5,11+5,no_fs,19,Old,under,0.758013,0.138539,0.587554,0.383275,0.084550,0.099291,0.616725
split_11+5,11+5,no_fs,19,New,under,0.847310,0.186571,0.745518,0.634146,0.109375,0.123551,0.365854
split_11+5,11+5,no_fs,19,Old,over,0.706307,0.104645,0.567016,0.372822,0.060865,0.137641,0.627178
split_11+5,11+5,no_fs,19,New,over,0.819465,0.180202,0.688849,0.529617,0.108571,0.104043,0.470383
split_11+5,11+5,no_fs,19,Old,hybrid,0.754350,0.128449,0.636005,0.470383,0.074380,0.140058,0.529617
split_11+5,11+5,no_fs,19,New,hybrid,0.828603,0.218016,0.727728,0.581882,0.134137,0.089871,0.418118
split_11+5,11+5,no_fs,19,Old_3,ensemble,0.773349,0.140292,0.621124,0.435540,0.083612,0.114214,0.564460
split_11+5,11+5,no_fs,19,New_3,ensemble,0.854838,0.186162,0.753782,0.651568,0.108595,0.127970,0.348432
split_11+5,11+5,no_fs,19,All_6,ensemble,0.839389,0.186356,0.720821,0.585366,0.110818,0.112380,0.414634
split_11+5,11+5,no_fs,19,Old_under_New_under,ensemble,0.835401,0.215686,0.678999,0.498258,0.137632,0.074698,0.501742
split_11+5,11+5,no_fs,19,Old_hybrid_New_hybrid,ensemble,0.821604,0.164948,0.726506,0.613240,0.095290,0.139308,0.386760
split_11+5,11+5,mutual_info_r50,9,Old,under,0.743267,0.150160,0.551129,0.327526,0.097409,0.072614,0.672474
split_11+5,11+5,mutual_info_r50,9,New,under,0.865030,0.198236,0.764926,0.665505,0.116463,0.120800,0.334495
split_11+5,11+5,mutual_info_r50,9,Old,over,0.692738,0.109397,0.590508,0.407666,0.063175,0.144644,0.592334
split_11+5,11+5,mutual_info_r50,9,New,over,0.832248,0.169540,0.730224,0.616725,0.098279,0.135390,0.383275
split_11+5,11+5,mutual_info_r50,9,Old,hybrid,0.757407,0.138715,0.614203,0.425087,0.082880,0.112547,0.574913
split_11+5,11+5,mutual_info_r50,9,New,hybrid,0.862419,0.169218,0.781422,0.731707,0.095672,0.165486,0.268293
split_11+5,11+5,mutual_info_r50,9,Old_3,ensemble,0.757660,0.122449,0.638372,0.480836,0.070158,0.152480,0.519164
split_11+5,11+5,mutual_info_r50,9,New_3,ensemble,0.871874,0.234654,0.699209,0.526132,0.151000,0.070779,0.473868
split_11+5,11+5,mutual_info_r50,9,All_6,ensemble,0.853527,0.187643,0.713891,0.571429,0.112252,0.108128,0.428571
split_11+5,11+5,mutual_info_r50,9,Old_under_New_under,ensemble,0.842954,0.205254,0.726418,0.585366,0.124444,0.098541,0.414634
split_11+5,11+5,mutual_info_r50,9,Old_hybrid_New_hybrid,ensemble,0.847413,0.168675,0.738142,0.634146,0.097274,0.140809,0.365854
split_11+5,11+5,mutual_info_r80,15,Old,under,0.711071,0.117123,0.537310,0.320557,0.071651,0.099375,0.679443
split_11+5,11+5,mutual_info_r80,15,New,under,0.855696,0.194286,0.726969,0.592334,0.116200,0.107795,0.407666
split_11+5,11+5,mutual_info_r80,15,Old,over,0.709998,0.107984,0.538879,0.327526,0.064649,0.113381,0.672474
split_11+5,11+5,mutual_info_r80,15,New,over,0.812018,0.160610,0.729400,0.623693,0.092173,0.146978,0.376307
split_11+5,11+5,mutual_info_r80,15,Old,hybrid,0.744757,0.135035,0.623209,0.442509,0.079674,0.122301,0.557491
split_11+5,11+5,mutual_info_r80,15,New,hybrid,0.843522,0.181428,0.720957,0.588850,0.107234,0.117299,0.411150
split_11+5,11+5,mutual_info_r80,15,Old_3,ensemble,0.751151,0.118178,0.622887,0.456446,0.067876,0.149979,0.543554
split_11+5,11+5,mutual_info_r80,15,New_3,ensemble,0.860432,0.189203,0.749888,0.641115,0.110977,0.122885,0.358885
split_11+5,11+5,mutual_info_r80,15,All_6,ensemble,0.835332,0.174962,0.727352,0.606272,0.102233,0.127386,0.393728
split_11+5,11+5,mutual_info_r80,15,Old_under_New_under,ensemble,0.813381,0.162564,0.723737,0.609756,0.093783,0.140975,0.390244
split_11+5,11+5,mutual_info_r80,15,Old_hybrid_New_hybrid,ensemble,0.820738,0.138670,0.738504,0.675958,0.077260,0.193164,0.324042
split_11+5,11+5,shap_r50,9,Old,under,0.740748,0.138242,0.543246,0.320557,0.088123,0.079366,0.679443
split_11+5,11+5,shap_r50,9,New,under,0.840585,0.177690,0.738690,0.627178,0.103508,0.129971,0.372822
split_11+5,11+5,shap_r50,9,Old,over,0.720168,0.098765,0.624402,0.487805,0.054945,0.200750,0.512195
split_11+5,11+5,shap_r50,9,New,over,0.819388,0.169171,0.685315,0.529617,0.100662,0.113214,0.470383
split_11+5,11+5,shap_r50,9,Old,hybrid,0.759849,0.135699,0.629568,0.452962,0.079804,0.124969,0.547038
split_11+5,11+5,shap_r50,9,New,hybrid,0.837868,0.194884,0.708485,0.557491,0.118081,0.099625,0.442509
split_11+5,11+5,shap_r50,9,Old_3,ensemble,0.762895,0.143374,0.562436,0.344948,0.090494,0.082951,0.655052
split_11+5,11+5,shap_r50,9,New_3,ensemble,0.854800,0.201765,0.710320,0.557491,0.123172,0.094956,0.442509
split_11+5,11+5,shap_r50,9,All_6,ensemble,0.840992,0.153846,0.735338,0.644599,0.087347,0.161150,0.355401
split_11+5,11+5,shap_r50,9,Old_under_New_under,ensemble,0.833711,0.194743,0.714136,0.567944,0.117520,0.102043,0.432056
split_11+5,11+5,shap_r50,9,Old_hybrid_New_hybrid,ensemble,0.830592,0.184196,0.709094,0.564460,0.110054,0.109212,0.435540
split_11+5,11+5,shap_r80,15,Old,under,0.754291,0.142199,0.583990,0.376307,0.087662,0.093706,0.623693
split_11+5,11+5,shap_r80,15,New,under,0.854597,0.196987,0.727784,0.592334,0.118138,0.105794,0.407666
split_11+5,11+5,shap_r80,15,Old,over,0.706468,0.109792,0.578270,0.386760,0.063977,0.135390,0.613240
split_11+5,11+5,shap_r80,15,New,over,0.822409,0.170591,0.706235,0.567944,0.100369,0.121801,0.432056
split_11+5,11+5,shap_r80,15,Old,hybrid,0.756109,0.126539,0.660383,0.519164,0.072050,0.159983,0.480836
split_11+5,11+5,shap_r80,15,New,hybrid,0.839035,0.170720,0.722192,0.599303,0.099537,0.129721,0.400697
split_11+5,11+5,shap_r80,15,Old_3,ensemble,0.766629,0.144048,0.613917,0.421603,0.086863,0.106044,0.578397
split_11+5,11+5,shap_r80,15,New_3,ensemble,0.856899,0.198430,0.740849,0.616725,0.118236,0.110046,0.383275
split_11+5,11+5,shap_r80,15,All_6,ensemble,0.839000,0.159200,0.735122,0.637631,0.090954,0.152480,0.362369
split_11+5,11+5,shap_r80,15,Old_under_New_under,ensemble,0.837924,0.182784,0.726778,0.599303,0.107837,0.118633,0.400697
split_11+5,11+5,shap_r80,15,Old_hybrid_New_hybrid,ensemble,0.823071,0.163832,0.737469,0.637631,0.093991,0.147061,0.362369
split_12+4,12+4,no_fs,19,Old,under,0.742473,0.154789,0.570099,0.351916,0.099214,0.076449,0.648084
split_12+4,12+4,no_fs,19,New,under,0.849566,0.192785,0.728320,0.595819,0.114997,0.109712,0.404181
split_12+4,12+4,no_fs,19,Old,over,0.722458,0.112926,0.600517,0.421603,0.065194,0.144644,0.578397
split_12+4,12+4,no_fs,19,New,over,0.808077,0.172535,0.676731,0.512195,0.103740,0.105877,0.487805
split_12+4,12+4,no_fs,19,Old,hybrid,0.778616,0.134113,0.664728,0.519164,0.077003,0.148895,0.480836
split_12+4,12+4,no_fs,19,New,hybrid,0.838368,0.184665,0.725655,0.595819,0.109265,0.116215,0.404181
split_12+4,12+4,no_fs,19,Old_3,ensemble,0.776321,0.134241,0.644558,0.480836,0.078010,0.135973,0.519164
split_12+4,12+4,no_fs,19,New_3,ensemble,0.851662,0.192163,0.742331,0.623693,0.113579,0.116465,0.376307
split_12+4,12+4,no_fs,19,All_6,ensemble,0.838307,0.193143,0.724794,0.588850,0.115516,0.107878,0.411150
split_12+4,12+4,no_fs,19,Old_under_New_under,ensemble,0.819544,0.189857,0.679594,0.508711,0.116707,0.092122,0.491289
split_12+4,12+4,no_fs,19,Old_hybrid_New_hybrid,ensemble,0.829640,0.160868,0.727893,0.620209,0.092420,0.145727,0.379791
split_12+4,12+4,mutual_info_r50,9,Old,under,0.754125,0.157635,0.597490,0.390244,0.098765,0.085202,0.609756
split_12+4,12+4,mutual_info_r50,9,New,under,0.853135,0.184848,0.746567,0.637631,0.108092,0.125886,0.362369
split_12+4,12+4,mutual_info_r50,9,Old,over,0.711997,0.123206,0.566152,0.358885,0.074368,0.106878,0.641115
split_12+4,12+4,mutual_info_r50,9,New,over,0.823430,0.164684,0.733005,0.627178,0.094787,0.143310,0.372822
split_12+4,12+4,mutual_info_r50,9,Old,hybrid,0.762827,0.123615,0.651620,0.505226,0.070423,0.159566,0.494774
split_12+4,12+4,mutual_info_r50,9,New,hybrid,0.846582,0.172359,0.708701,0.571429,0.101485,0.121050,0.428571
split_12+4,12+4,mutual_info_r50,9,Old_3,ensemble,0.763979,0.132848,0.658678,0.508711,0.076400,0.147145,0.491289
split_12+4,12+4,mutual_info_r50,9,New_3,ensemble,0.864796,0.195260,0.732704,0.602787,0.116498,0.109379,0.397213
split_12+4,12+4,mutual_info_r50,9,All_6,ensemble,0.848330,0.171400,0.722469,0.599303,0.100000,0.129054,0.400697
split_12+4,12+4,mutual_info_r50,9,Old_under_New_under,ensemble,0.839954,0.178811,0.727093,0.602787,0.104976,0.122968,0.397213
split_12+4,12+4,mutual_info_r50,9,Old_hybrid_New_hybrid,ensemble,0.838373,0.151807,0.740247,0.658537,0.085792,0.167903,0.341463
split_12+4,12+4,mutual_info_r80,15,Old,under,0.759507,0.137744,0.624303,0.442509,0.081567,0.119216,0.557491
split_12+4,12+4,mutual_info_r80,15,New,under,0.856663,0.157450,0.767150,0.714286,0.088476,0.176073,0.285714
split_12+4,12+4,mutual_info_r80,15,Old,over,0.715271,0.108949,0.579944,0.390244,0.063313,0.138141,0.609756
split_12+4,12+4,mutual_info_r80,15,New,over,0.819394,0.152724,0.723689,0.620209,0.087084,0.155565,0.379791
split_12+4,12+4,mutual_info_r80,15,Old,hybrid,0.776566,0.151743,0.593650,0.386760,0.094388,0.088787,0.613240
split_12+4,12+4,mutual_info_r80,15,New,hybrid,0.839435,0.180236,0.732847,0.613240,0.105642,0.124218,0.386760
split_12+4,12+4,mutual_info_r80,15,Old_3,ensemble,0.781093,0.154754,0.610541,0.411150,0.095315,0.093372,0.588850
split_12+4,12+4,mutual_info_r80,15,New_3,ensemble,0.860234,0.195248,0.760514,0.658537,0.114615,0.121717,0.341463
split_12+4,12+4,mutual_info_r80,15,All_6,ensemble,0.850137,0.221691,0.671482,0.484321,0.143744,0.069029,0.515679
split_12+4,12+4,mutual_info_r80,15,Old_under_New_under,ensemble,0.845207,0.184482,0.723803,0.592334,0.109254,0.115548,0.407666
split_12+4,12+4,mutual_info_r80,15,Old_hybrid_New_hybrid,ensemble,0.832676,0.183099,0.721535,0.588850,0.108403,0.115882,0.411150
split_12+4,12+4,shap_r50,9,Old,under,0.752806,0.139228,0.644909,0.477352,0.081499,0.128720,0.522648
split_12+4,12+4,shap_r50,9,New,under,0.857689,0.164197,0.771292,0.714286,0.092760,0.167153,0.285714
split_12+4,12+4,shap_r50,9,Old,over,0.710111,0.145363,0.603309,0.404181,0.088617,0.099458,0.595819
split_12+4,12+4,shap_r50,9,New,over,0.823867,0.175055,0.702358,0.557491,0.103829,0.115131,0.442509
split_12+4,12+4,shap_r50,9,Old,hybrid,0.760247,0.133877,0.597273,0.400697,0.080363,0.109712,0.599303
split_12+4,12+4,shap_r50,9,New,hybrid,0.855034,0.222865,0.703200,0.536585,0.140639,0.078449,0.463415
split_12+4,12+4,shap_r50,9,Old_3,ensemble,0.762356,0.162625,0.603378,0.397213,0.102242,0.083451,0.602787
split_12+4,12+4,shap_r50,9,New_3,ensemble,0.865283,0.227011,0.712081,0.550523,0.142986,0.078950,0.449477
split_12+4,12+4,shap_r50,9,All_6,ensemble,0.843181,0.184367,0.725553,0.595819,0.109056,0.116465,0.404181
split_12+4,12+4,shap_r50,9,Old_under_New_under,ensemble,0.834919,0.204212,0.710941,0.557491,0.125000,0.093372,0.442509
split_12+4,12+4,shap_r50,9,Old_hybrid_New_hybrid,ensemble,0.837753,0.157077,0.740257,0.651568,0.089303,0.158983,0.348432
split_12+4,12+4,shap_r80,15,Old,under,0.757284,0.133333,0.592639,0.393728,0.080256,0.107962,0.606272
split_12+4,12+4,shap_r80,15,New,under,0.852197,0.174766,0.763363,0.682927,0.100204,0.146728,0.317073
split_12+4,12+4,shap_r80,15,Old,over,0.742471,0.120699,0.589862,0.397213,0.071161,0.124052,0.602787
split_12+4,12+4,shap_r80,15,New,over,0.806512,0.165612,0.668603,0.501742,0.099174,0.109045,0.498258
split_12+4,12+4,shap_r80,15,Old,hybrid,0.770692,0.157333,0.611242,0.411150,0.097279,0.091288,0.588850
split_12+4,12+4,shap_r80,15,New,hybrid,0.843626,0.199407,0.724804,0.585366,0.120172,0.102543,0.414634
split_12+4,12+4,shap_r80,15,Old_3,ensemble,0.779419,0.155141,0.634626,0.449477,0.093750,0.103960,0.550523
split_12+4,12+4,shap_r80,15,New_3,ensemble,0.850985,0.187404,0.747527,0.637631,0.109844,0.123635,0.362369
split_12+4,12+4,shap_r80,15,All_6,ensemble,0.837096,0.153846,0.733785,0.641115,0.087411,0.160150,0.358885
split_12+4,12+4,shap_r80,15,Old_under_New_under,ensemble,0.833099,0.207521,0.689842,0.519164,0.129678,0.083368,0.480836
split_12+4,12+4,shap_r80,15,Old_hybrid_New_hybrid,ensemble,0.825130,0.166667,0.723904,0.606272,0.096613,0.135640,0.393728
split_13+3,13+3,no_fs,19,Old,under,0.780664,0.151134,0.613964,0.418118,0.092237,0.098458,0.581882
split_13+3,13+3,no_fs,19,New,under,0.856262,0.187789,0.747670,0.637631,0.110108,0.123301,0.362369
split_13+3,13+3,no_fs,19,Old,over,0.745288,0.126456,0.592272,0.397213,0.075198,0.116882,0.602787
split_13+3,13+3,no_fs,19,New,over,0.808098,0.168740,0.692706,0.543554,0.099872,0.117216,0.456446
split_13+3,13+3,no_fs,19,Old,hybrid,0.787173,0.134279,0.685404,0.560976,0.076267,0.162568,0.439024
split_13+3,13+3,no_fs,19,New,hybrid,0.840215,0.184127,0.730784,0.606272,0.108546,0.119133,0.393728
split_13+3,13+3,no_fs,19,Old_3,ensemble,0.798737,0.148194,0.615261,0.421603,0.089896,0.102126,0.578397
split_13+3,13+3,no_fs,19,New_3,ensemble,0.860564,0.202082,0.719936,0.574913,0.122585,0.098458,0.425087
split_13+3,13+3,no_fs,19,All_6,ensemble,0.848350,0.162692,0.749503,0.665505,0.092673,0.155898,0.334495
split_13+3,13+3,no_fs,19,Old_under_New_under,ensemble,0.839822,0.201131,0.710156,0.557491,0.122699,0.095373,0.442509
split_13+3,13+3,no_fs,19,Old_hybrid_New_hybrid,ensemble,0.835823,0.188119,0.726818,0.595819,0.111692,0.113381,0.404181
split_13+3,13+3,mutual_info_r50,9,Old,under,0.750844,0.144665,0.611945,0.418118,0.087464,0.104377,0.581882
split_13+3,13+3,mutual_info_r50,9,New,under,0.852097,0.176471,0.753042,0.658537,0.101887,0.138891,0.341463
split_13+3,13+3,mutual_info_r50,9,Old,over,0.717055,0.124123,0.593486,0.400697,0.073436,0.120967,0.599303
split_13+3,13+3,mutual_info_r50,9,New,over,0.814984,0.134283,0.740390,0.689895,0.074380,0.205419,0.310105
split_13+3,13+3,mutual_info_r50,9,Old,hybrid,0.776669,0.157039,0.657769,0.487805,0.093583,0.113047,0.512195
split_13+3,13+3,mutual_info_r50,9,New,hybrid,0.846436,0.168044,0.739484,0.637631,0.096774,0.142393,0.362369
split_13+3,13+3,mutual_info_r50,9,Old_3,ensemble,0.771368,0.147277,0.610580,0.414634,0.089541,0.100875,0.585366
split_13+3,13+3,mutual_info_r50,9,New_3,ensemble,0.856784,0.190171,0.739905,0.620209,0.112303,0.117299,0.379791
split_13+3,13+3,mutual_info_r50,9,All_6,ensemble,0.846621,0.175088,0.729125,0.609756,0.102220,0.128137,0.390244
split_13+3,13+3,mutual_info_r50,9,Old_under_New_under,ensemble,0.825838,0.199357,0.699970,0.540070,0.122240,0.092789,0.459930
split_13+3,13+3,mutual_info_r50,9,Old_hybrid_New_hybrid,ensemble,0.841559,0.173745,0.737060,0.627178,0.100840,0.133806,0.372822
split_13+3,13+3,mutual_info_r80,15,Old,under,0.754200,0.138735,0.594464,0.393728,0.084203,0.102459,0.606272
split_13+3,13+3,mutual_info_r80,15,New,under,0.864964,0.234523,0.719525,0.560976,0.148250,0.077115,0.439024
split_13+3,13+3,mutual_info_r80,15,Old,over,0.734400,0.118182,0.620992,0.452962,0.067956,0.148645,0.547038
split_13+3,13+3,mutual_info_r80,15,New,over,0.823952,0.191517,0.686067,0.519164,0.117415,0.093372,0.480836
split_13+3,13+3,mutual_info_r80,15,Old,hybrid,0.761086,0.139331,0.624923,0.442509,0.082682,0.117466,0.557491
split_13+3,13+3,mutual_info_r80,15,New,hybrid,0.848202,0.168776,0.766465,0.696864,0.096015,0.156982,0.303136
split_13+3,13+3,mutual_info_r80,15,Old_3,ensemble,0.774305,0.158200,0.590507,0.379791,0.099908,0.081867,0.620209
split_13+3,13+3,mutual_info_r80,15,New_3,ensemble,0.863813,0.212192,0.752045,0.630662,0.127555,0.103210,0.369338
split_13+3,13+3,mutual_info_r80,15,All_6,ensemble,0.849489,0.179372,0.739362,0.627178,0.104651,0.128387,0.372822
split_13+3,13+3,mutual_info_r80,15,Old_under_New_under,ensemble,0.838476,0.203230,0.692939,0.526132,0.125938,0.087370,0.473868
split_13+3,13+3,mutual_info_r80,15,Old_hybrid_New_hybrid,ensemble,0.832489,0.143019,0.734552,0.658537,0.080221,0.180659,0.341463
split_13+3,13+3,shap_r50,9,Old,under,0.771856,0.162912,0.553551,0.327526,0.108420,0.064444,0.672474
split_13+3,13+3,shap_r50,9,New,under,0.858813,0.184713,0.730991,0.606272,0.108954,0.118633,0.393728
split_13+3,13+3,shap_r50,9,Old,over,0.728897,0.127137,0.603290,0.414634,0.075079,0.122218,0.585366
split_13+3,13+3,shap_r50,9,New,over,0.821916,0.153989,0.704471,0.578397,0.088818,0.141976,0.421603
split_13+3,13+3,shap_r50,9,Old,hybrid,0.755819,0.134924,0.661576,0.512195,0.077696,0.145477,0.487805
split_13+3,13+3,shap_r50,9,New,hybrid,0.854202,0.219795,0.716529,0.560976,0.136672,0.084785,0.439024
split_13+3,13+3,shap_r50,9,Old_3,ensemble,0.773937,0.139887,0.665891,0.515679,0.080919,0.140142,0.484321
split_13+3,13+3,shap_r50,9,New_3,ensemble,0.866260,0.221507,0.738000,0.599303,0.135861,0.091205,0.400697
split_13+3,13+3,shap_r50,9,All_6,ensemble,0.852024,0.189950,0.729214,0.599303,0.112861,0.112714,0.400697
split_13+3,13+3,shap_r50,9,Old_under_New_under,ensemble,0.851400,0.182697,0.723189,0.592334,0.108005,0.117049,0.407666
split_13+3,13+3,shap_r50,9,Old_hybrid_New_hybrid,ensemble,0.836483,0.157114,0.753907,0.682927,0.088768,0.167737,0.317073
split_13+3,13+3,shap_r80,15,Old,under,0.758108,0.148936,0.611089,0.414634,0.090770,0.099375,0.585366
split_13+3,13+3,shap_r80,15,New,under,0.864979,0.214984,0.723191,0.574913,0.132212,0.090288,0.425087
split_13+3,13+3,shap_r80,15,Old,over,0.745212,0.134201,0.636831,0.466899,0.078363,0.131388,0.533101
split_13+3,13+3,shap_r80,15,New,over,0.830513,0.151442,0.740025,0.658537,0.085559,0.168404,0.341463
split_13+3,13+3,shap_r80,15,Old,hybrid,0.789191,0.150637,0.635241,0.452962,0.090341,0.109129,0.547038
split_13+3,13+3,shap_r80,15,New,hybrid,0.849411,0.165031,0.741270,0.644599,0.094629,0.147561,0.355401
split_13+3,13+3,shap_r80,15,Old_3,ensemble,0.788925,0.143526,0.648681,0.480836,0.084352,0.124885,0.519164
split_13+3,13+3,shap_r80,15,New_3,ensemble,0.869780,0.181653,0.772806,0.696864,0.104439,0.142976,0.303136
split_13+3,13+3,shap_r80,15,All_6,ensemble,0.845136,0.165247,0.755478,0.675958,0.094129,0.155648,0.324042
split_13+3,13+3,shap_r80,15,Old_under_New_under,ensemble,0.831687,0.196879,0.716622,0.571429,0.118927,0.101292,0.428571
split_13+3,13+3,shap_r80,15,Old_hybrid_New_hybrid,ensemble,0.834012,0.169766,0.732001,0.620209,0.098343,0.136057,0.379791
split_14+2,14+2,no_fs,19,Old,under,0.794557,0.188139,0.551860,0.320557,0.133140,0.049937,0.679443
split_14+2,14+2,no_fs,19,New,under,0.845041,0.222371,0.726807,0.578397,0.137645,0.086703,0.421603
split_14+2,14+2,no_fs,19,Old,over,0.737781,0.108928,0.661666,0.550523,0.060444,0.204752,0.449477
split_14+2,14+2,no_fs,19,New,over,0.818055,0.146419,0.730866,0.644599,0.082589,0.171321,0.355401
split_14+2,14+2,no_fs,19,Old,hybrid,0.793810,0.164627,0.676079,0.515679,0.097948,0.113631,0.484321
split_14+2,14+2,no_fs,19,New,hybrid,0.835277,0.153028,0.737941,0.651568,0.086694,0.164235,0.348432
split_14+2,14+2,no_fs,19,Old_3,ensemble,0.804509,0.177091,0.634080,0.439024,0.110915,0.084202,0.560976
split_14+2,14+2,no_fs,19,New_3,ensemble,0.852638,0.178376,0.737270,0.623693,0.104070,0.128470,0.376307
split_14+2,14+2,no_fs,19,All_6,ensemble,0.841766,0.172093,0.744597,0.644599,0.099302,0.139892,0.355401
split_14+2,14+2,no_fs,19,Old_under_New_under,ensemble,0.834840,0.229422,0.654901,0.456446,0.153216,0.060358,0.543554
split_14+2,14+2,no_fs,19,Old_hybrid_New_hybrid,ensemble,0.827117,0.167128,0.735789,0.630662,0.096328,0.141559,0.369338
split_14+2,14+2,mutual_info_r50,9,Old,under,0.773074,0.155440,0.676458,0.522648,0.091296,0.124469,0.477352
split_14+2,14+2,mutual_info_r50,9,New,under,0.857433,0.210526,0.735253,0.599303,0.127691,0.097957,0.400697
split_14+2,14+2,mutual_info_r50,9,Old,over,0.744396,0.144491,0.611888,0.418118,0.087336,0.104544,0.581882
split_14+2,14+2,mutual_info_r50,9,New,over,0.824388,0.139406,0.712616,0.613240,0.078642,0.171905,0.386760
split_14+2,14+2,mutual_info_r50,9,Old,hybrid,0.784399,0.180602,0.654451,0.470383,0.111755,0.089454,0.529617
split_14+2,14+2,mutual_info_r50,9,New,hybrid,0.852086,0.133133,0.768947,0.773519,0.072835,0.235598,0.226481
split_14+2,14+2,mutual_info_r50,9,Old_3,ensemble,0.790352,0.153766,0.672029,0.515679,0.090354,0.124218,0.484321
split_14+2,14+2,mutual_info_r50,9,New_3,ensemble,0.860667,0.166886,0.750118,0.662021,0.095477,0.150063,0.337979
split_14+2,14+2,mutual_info_r50,9,All_6,ensemble,0.848261,0.176306,0.752969,0.658537,0.101777,0.139058,0.341463
split_14+2,14+2,mutual_info_r50,9,Old_under_New_under,ensemble,0.842184,0.177553,0.759936,0.672474,0.102279,0.141226,0.327526
split_14+2,14+2,mutual_info_r50,9,Old_hybrid_New_hybrid,ensemble,0.843848,0.151966,0.755037,0.693380,0.085334,0.177824,0.306620
split_14+2,14+2,mutual_info_r80,15,Old,under,0.783789,0.147287,0.676659,0.529617,0.085537,0.135473,0.470383
split_14+2,14+2,mutual_info_r80,15,New,under,0.861725,0.201070,0.760836,0.655052,0.118762,0.116298,0.344948
split_14+2,14+2,mutual_info_r80,15,Old,over,0.740622,0.111959,0.658217,0.536585,0.062500,0.192580,0.463415
split_14+2,14+2,mutual_info_r80,15,New,over,0.812847,0.140016,0.713010,0.613240,0.079030,0.170988,0.386760
split_14+2,14+2,mutual_info_r80,15,Old,hybrid,0.777949,0.144566,0.662518,0.505226,0.084351,0.131221,0.494774
split_14+2,14+2,mutual_info_r80,15,New,hybrid,0.826372,0.156263,0.735131,0.641115,0.088975,0.157065,0.358885
split_14+2,14+2,mutual_info_r80,15,Old_3,ensemble,0.793876,0.165054,0.670386,0.505226,0.098639,0.110463,0.494774
split_14+2,14+2,mutual_info_r80,15,New_3,ensemble,0.851185,0.166958,0.751720,0.665505,0.095452,0.150896,0.334495
split_14+2,14+2,mutual_info_r80,15,All_6,ensemble,0.843408,0.186567,0.733401,0.609756,0.110132,0.117882,0.390244
split_14+2,14+2,mutual_info_r80,15,Old_under_New_under,ensemble,0.843882,0.184713,0.730991,0.606272,0.108954,0.118633,0.393728
split_14+2,14+2,mutual_info_r80,15,Old_hybrid_New_hybrid,ensemble,0.823263,0.175745,0.722431,0.595819,0.103074,0.124052,0.404181
split_14+2,14+2,shap_r50,9,Old,under,0.798918,0.169846,0.657824,0.480836,0.103139,0.100042,0.519164
split_14+2,14+2,shap_r50,9,New,under,0.868047,0.189253,0.774537,0.693380,0.109581,0.134806,0.306620
split_14+2,14+2,shap_r50,9,Old,over,0.742139,0.135338,0.639295,0.470383,0.079040,0.131138,0.529617
split_14+2,14+2,shap_r50,9,New,over,0.822717,0.158909,0.711912,0.588850,0.091848,0.139308,0.411150
split_14+2,14+2,shap_r50,9,Old,hybrid,0.764228,0.154882,0.603754,0.400697,0.095993,0.090288,0.599303
split_14+2,14+2,shap_r50,9,New,hybrid,0.846071,0.200000,0.721246,0.578397,0.120903,0.100625,0.421603
split_14+2,14+2,shap_r50,9,Old_3,ensemble,0.788596,0.171324,0.664381,0.491289,0.103753,0.101542,0.508711
split_14+2,14+2,shap_r50,9,New_3,ensemble,0.859776,0.218077,0.698177,0.529617,0.137308,0.079617,0.470383
split_14+2,14+2,shap_r50,9,All_6,ensemble,0.848502,0.189636,0.729112,0.599303,0.112639,0.112964,0.400697
split_14+2,14+2,shap_r50,9,Old_under_New_under,ensemble,0.843526,0.201846,0.717984,0.571429,0.122571,0.097874,0.428571
split_14+2,14+2,shap_r50,9,Old_hybrid_New_hybrid,ensemble,0.837111,0.174377,0.763176,0.682927,0.099949,0.147145,0.317073
split_14+2,14+2,shap_r80,15,Old,under,0.768229,0.166201,0.615766,0.414634,0.103930,0.085536,0.585366
split_14+2,14+2,shap_r80,15,New,under,0.862445,0.196298,0.736617,0.609756,0.116979,0.110129,0.390244
split_14+2,14+2,shap_r80,15,Old,over,0.744214,0.119811,0.616095,0.442509,0.069285,0.142226,0.557491
split_14+2,14+2,shap_r80,15,New,over,0.831247,0.163303,0.729064,0.620209,0.094031,0.142976,0.379791
split_14+2,14+2,shap_r80,15,Old,hybrid,0.785998,0.166667,0.642287,0.456446,0.101946,0.096207,0.543554
split_14+2,14+2,shap_r80,15,New,hybrid,0.848417,0.194460,0.730652,0.599303,0.116059,0.109212,0.400697
split_14+2,14+2,shap_r80,15,Old_3,ensemble,0.792243,0.169960,0.638892,0.449477,0.104793,0.091872,0.550523
split_14+2,14+2,shap_r80,15,New_3,ensemble,0.864127,0.190326,0.745162,0.630662,0.112074,0.119550,0.369338
split_14+2,14+2,shap_r80,15,All_6,ensemble,0.843529,0.163441,0.748350,0.662021,0.093229,0.154064,0.337979
split_14+2,14+2,shap_r80,15,Old_under_New_under,ensemble,0.821725,0.189526,0.691504,0.529617,0.115414,0.097124,0.470383
split_14+2,14+2,shap_r80,15,Old_hybrid_New_hybrid,ensemble,0.835234,0.183420,0.735765,0.616725,0.107730,0.122218,0.383275
split_15+1,15+1,no_fs,19,Old,under,0.800873,0.189873,0.656634,0.470383,0.118943,0.083368,0.529617
split_15+1,15+1,no_fs,19,New,under,0.843132,0.209131,0.675614,0.494774,0.132586,0.077449,0.505226
split_15+1,15+1,no_fs,19,Old,over,0.753053,0.121395,0.643175,0.491289,0.069253,0.157982,0.508711
split_15+1,15+1,no_fs,19,New,over,0.798838,0.173367,0.658829,0.480836,0.105747,0.097291,0.519164
split_15+1,15+1,no_fs,19,Old,hybrid,0.797952,0.144810,0.658848,0.498258,0.084716,0.128804,0.501742
split_15+1,15+1,no_fs,19,New,hybrid,0.823959,0.156770,0.704049,0.574913,0.090759,0.137807,0.425087
split_15+1,15+1,no_fs,19,Old_3,ensemble,0.812676,0.165955,0.652556,0.473868,0.100592,0.101376,0.526132
split_15+1,15+1,no_fs,19,New_3,ensemble,0.840035,0.152851,0.740877,0.658537,0.086459,0.166486,0.341463
split_15+1,15+1,no_fs,19,All_6,ensemble,0.842970,0.157054,0.724356,0.616725,0.089985,0.149229,0.383275
split_15+1,15+1,no_fs,19,Old_under_New_under,ensemble,0.840219,0.200717,0.725174,0.585366,0.121125,0.101626,0.414634
split_15+1,15+1,no_fs,19,Old_hybrid_New_hybrid,ensemble,0.822636,0.143480,0.722922,0.630662,0.080948,0.171321,0.369338
split_15+1,15+1,mutual_info_r50,9,Old,under,0.797367,0.182998,0.667610,0.491289,0.112440,0.092789,0.508711
split_15+1,15+1,mutual_info_r50,9,New,under,0.832761,0.176768,0.663892,0.487805,0.107941,0.096457,0.512195
split_15+1,15+1,mutual_info_r50,9,Old,over,0.740225,0.141316,0.633878,0.456446,0.083599,0.119717,0.543554
split_15+1,15+1,mutual_info_r50,9,New,over,0.803353,0.130152,0.712019,0.627178,0.072610,0.191663,0.372822
split_15+1,15+1,mutual_info_r50,9,Old,hybrid,0.780940,0.178830,0.656118,0.473868,0.110211,0.091538,0.526132
split_15+1,15+1,mutual_info_r50,9,New,hybrid,0.812512,0.127820,0.719983,0.651568,0.070860,0.204419,0.348432
split_15+1,15+1,mutual_info_r50,9,Old_3,ensemble,0.794190,0.193271,0.657380,0.470383,0.121622,0.081284,0.529617
split_15+1,15+1,mutual_info_r50,9,New_3,ensemble,0.828780,0.148586,0.718190,0.613240,0.084534,0.158900,0.386760
split_15+1,15+1,mutual_info_r50,9,All_6,ensemble,0.835858,0.177778,0.717870,0.585366,0.104803,0.119633,0.414634
split_15+1,15+1,mutual_info_r50,9,Old_under_New_under,ensemble,0.839290,0.200489,0.717619,0.571429,0.121572,0.098791,0.428571
split_15+1,15+1,mutual_info_r50,9,Old_hybrid_New_hybrid,ensemble,0.817094,0.143601,0.740734,0.672474,0.080383,0.184077,0.327526
split_15+1,15+1,mutual_info_r80,15,Old,under,0.788660,0.184758,0.622114,0.418118,0.118577,0.074364,0.581882
split_15+1,15+1,mutual_info_r80,15,New,under,0.841698,0.202550,0.676363,0.498258,0.127111,0.081867,0.501742
split_15+1,15+1,mutual_info_r80,15,Old,over,0.755353,0.141152,0.643779,0.473868,0.082927,0.125386,0.526132
split_15+1,15+1,mutual_info_r80,15,New,over,0.813162,0.138585,0.732811,0.662021,0.077393,0.188829,0.337979
split_15+1,15+1,mutual_info_r80,15,Old,hybrid,0.793347,0.175047,0.665459,0.491289,0.106495,0.098624,0.508711
split_15+1,15+1,mutual_info_r80,15,New,hybrid,0.825050,0.132477,0.736178,0.682927,0.073353,0.206419,0.317073
split_15+1,15+1,mutual_info_r80,15,Old_3,ensemble,0.802276,0.156014,0.685935,0.540070,0.091176,0.128804,0.459930
split_15+1,15+1,mutual_info_r80,15,New_3,ensemble,0.842460,0.141754,0.751862,0.703833,0.078814,0.196832,0.296167
split_15+1,15+1,mutual_info_r80,15,All_6,ensemble,0.838579,0.181818,0.717490,0.581882,0.107742,0.115298,0.418118
split_15+1,15+1,mutual_info_r80,15,Old_under_New_under,ensemble,0.829262,0.201777,0.708390,0.554007,0.123351,0.094206,0.445993
split_15+1,15+1,mutual_info_r80,15,Old_hybrid_New_hybrid,ensemble,0.820339,0.162875,0.730504,0.623693,0.093668,0.144393,0.376307
split_15+1,15+1,shap_r50,9,Old,under,0.796178,0.156550,0.671219,0.512195,0.092395,0.120383,0.487805
split_15+1,15+1,shap_r50,9,New,under,0.835860,0.198071,0.697676,0.536585,0.121451,0.092872,0.463415
split_15+1,15+1,shap_r50,9,Old,over,0.759523,0.141355,0.613000,0.421603,0.084912,0.108712,0.578397
split_15+1,15+1,shap_r50,9,New,over,0.819493,0.156237,0.738238,0.648084,0.088825,0.159066,0.351916
split_15+1,15+1,shap_r50,9,Old,hybrid,0.790715,0.189836,0.639079,0.442509,0.120837,0.077032,0.557491
split_15+1,15+1,shap_r50,9,New,hybrid,0.823721,0.139882,0.716004,0.620209,0.078831,0.173406,0.379791
split_15+1,15+1,shap_r50,9,Old_3,ensemble,0.804677,0.198113,0.638423,0.439024,0.127919,0.071613,0.560976
split_15+1,15+1,shap_r50,9,New_3,ensemble,0.842822,0.158542,0.741063,0.651568,0.090251,0.157149,0.348432
split_15+1,15+1,shap_r50,9,All_6,ensemble,0.846771,0.174484,0.747294,0.648084,0.100813,0.138308,0.351916
split_15+1,15+1,shap_r50,9,Old_under_New_under,ensemble,0.838836,0.167670,0.736040,0.630662,0.096688,0.140975,0.369338
split_15+1,15+1,shap_r50,9,Old_hybrid_New_hybrid,ensemble,0.832093,0.150141,0.736210,0.651568,0.084846,0.168153,0.348432
split_15+1,15+1,shap_r80,15,Old,under,0.797306,0.172533,0.630782,0.435540,0.107573,0.086453,0.564460
split_15+1,15+1,shap_r80,15,New,under,0.846683,0.213606,0.684908,0.508711,0.135185,0.077866,0.491289
split_15+1,15+1,shap_r80,15,Old,over,0.764435,0.125170,0.639908,0.480836,0.071950,0.148395,0.519164
split_15+1,15+1,shap_r80,15,New,over,0.810548,0.153638,0.711070,0.592334,0.088266,0.146394,0.407666
split_15+1,15+1,shap_r80,15,Old,hybrid,0.800759,0.177719,0.651604,0.466899,0.109746,0.090621,0.533101
split_15+1,15+1,shap_r80,15,New,hybrid,0.821754,0.156994,0.741755,0.655052,0.089184,0.160067,0.344948
split_15+1,15+1,shap_r80,15,Old_3,ensemble,0.813212,0.161670,0.680741,0.526132,0.095509,0.119216,0.473868
split_15+1,15+1,shap_r80,15,New_3,ensemble,0.840843,0.146987,0.767950,0.735192,0.081656,0.197832,0.264808
split_15+1,15+1,shap_r80,15,All_6,ensemble,0.850690,0.177388,0.741928,0.634146,0.103116,0.131972,0.365854
split_15+1,15+1,shap_r80,15,Old_under_New_under,ensemble,0.836086,0.195217,0.691006,0.526132,0.119841,0.092455,0.473868
split_15+1,15+1,shap_r80,15,Old_hybrid_New_hybrid,ensemble,0.836382,0.166890,0.745375,0.651568,0.095701,0.147311,0.348432
