test_feature_year,route,pool_action,model_id,train_start,train_end,train_years,n_train,n_positive_before,n_negative_before,n_positive_after,n_negative_after,sampler,seed,resolved_model_params,protocol_version
2009,B_model,added,seed42_M2005,2003,2005,"2003,2004,2005",12970,115,12855,115,12818,TomekLinks,42,"{""eval_metric"": ""auc"", ""objective"": ""binary:logistic"", ""random_state"": 42, ""seed"": 42, ""tree_method"": ""hist"", ""verbosity"": 0}",study3_ab_fair_event_target_v1_financial18_exploratory
2009,B_model,added,seed42_M2006,2004,2006,"2004,2005,2006",12681,137,12544,137,12498,TomekLinks,42,"{""eval_metric"": ""auc"", ""objective"": ""binary:logistic"", ""random_state"": 42, ""seed"": 42, ""tree_method"": ""hist"", ""verbosity"": 0}",study3_ab_fair_event_target_v1_financial18_exploratory
2009,B_model,added,seed42_M2007,2005,2007,"2005,2006,2007",12342,150,12192,150,12146,TomekLinks,42,"{""eval_metric"": ""auc"", ""objective"": ""binary:logistic"", ""random_state"": 42, ""seed"": 42, ""tree_method"": ""hist"", ""verbosity"": 0}",study3_ab_fair_event_target_v1_financial18_exploratory
2009,B_data_old,,seed42_Bdata_old_2009,2005,2006,"2005,2006",8333,91,8242,91,8217,TomekLinks,42,"{""eval_metric"": ""auc"", ""objective"": ""binary:logistic"", ""random_state"": 42, ""seed"": 42, ""tree_method"": ""hist"", ""verbosity"": 0}",study3_ab_fair_event_target_v1_financial18_exploratory
2009,B_data_new,,seed42_Bdata_new_2009,2007,2007,2007,4009,59,3950,59,3937,TomekLinks,42,"{""eval_metric"": ""auc"", ""objective"": ""binary:logistic"", ""random_state"": 42, ""seed"": 42, ""tree_method"": ""hist"", ""verbosity"": 0}",study3_ab_fair_event_target_v1_financial18_exploratory
2009,A_old_candidate,,seed42_A2009_old_to_2001,1999,2001,"1999,2000,2001",15431,20,15411,20,15404,TomekLinks,42,"{""eval_metric"": ""auc"", ""objective"": ""binary:logistic"", ""random_state"": 42, ""seed"": 42, ""tree_method"": ""hist"", ""verbosity"": 0}",study3_ab_fair_event_target_v1_financial18_exploratory
2009,A_new_candidate,,seed42_A2009_new_2002_to_2007,2002,2007,"2002,2003,2004,2005,2006,2007",25758,242,25516,242,25442,TomekLinks,42,"{""eval_metric"": ""auc"", ""objective"": ""binary:logistic"", ""random_state"": 42, ""seed"": 42, ""tree_method"": ""hist"", ""verbosity"": 0}",study3_ab_fair_event_target_v1_financial18_exploratory
2009,A_old_candidate,,seed42_A2009_old_to_2002,1999,2002,"1999,2000,2001,2002",20082,37,20045,37,20033,TomekLinks,42,"{""eval_metric"": ""auc"", ""objective"": ""binary:logistic"", ""random_state"": 42, ""seed"": 42, ""tree_method"": ""hist"", ""verbosity"": 0}",study3_ab_fair_event_target_v1_financial18_exploratory
2009,A_new_candidate,,seed42_A2009_new_2003_to_2007,2003,2007,"2003,2004,2005,2006,2007",21107,225,20882,225,20817,TomekLinks,42,"{""eval_metric"": ""auc"", ""objective"": ""binary:logistic"", ""random_state"": 42, ""seed"": 42, ""tree_method"": ""hist"", ""verbosity"": 0}",study3_ab_fair_event_target_v1_financial18_exploratory
2009,A_old_candidate,,seed42_A2009_old_to_2003,1999,2003,"1999,2000,2001,2002,2003",24499,66,24433,66,24410,TomekLinks,42,"{""eval_metric"": ""auc"", ""objective"": ""binary:logistic"", ""random_state"": 42, ""seed"": 42, ""tree_method"": ""hist"", ""verbosity"": 0}",study3_ab_fair_event_target_v1_financial18_exploratory
2009,A_new_candidate,,seed42_A2009_new_2004_to_2007,2004,2007,"2004,2005,2006,2007",16690,196,16494,196,16435,TomekLinks,42,"{""eval_metric"": ""auc"", ""objective"": ""binary:logistic"", ""random_state"": 42, ""seed"": 42, ""tree_method"": ""hist"", ""verbosity"": 0}",study3_ab_fair_event_target_v1_financial18_exploratory
2009,A_old_candidate,,seed42_A2009_old_to_2004,1999,2004,"1999,2000,2001,2002,2003,2004",28847,112,28735,112,28705,TomekLinks,42,"{""eval_metric"": ""auc"", ""objective"": ""binary:logistic"", ""random_state"": 42, ""seed"": 42, ""tree_method"": ""hist"", ""verbosity"": 0}",study3_ab_fair_event_target_v1_financial18_exploratory
2009,A_new_candidate,,seed42_A2009_new_2005_to_2007,2005,2007,"2005,2006,2007",12342,150,12192,150,12146,TomekLinks,42,"{""eval_metric"": ""auc"", ""objective"": ""binary:logistic"", ""random_state"": 42, ""seed"": 42, ""tree_method"": ""hist"", ""verbosity"": 0}",study3_ab_fair_event_target_v1_financial18_exploratory
2009,A_old_candidate,,seed42_A2009_old_to_2005,1999,2005,"1999,2000,2001,2002,2003,2004,2005",33052,152,32900,152,32854,TomekLinks,42,"{""eval_metric"": ""auc"", ""objective"": ""binary:logistic"", ""random_state"": 42, ""seed"": 42, ""tree_method"": ""hist"", ""verbosity"": 0}",study3_ab_fair_event_target_v1_financial18_exploratory
2009,A_new_candidate,,seed42_A2009_new_2006_to_2007,2006,2007,"2006,2007",8137,110,8027,110,7998,TomekLinks,42,"{""eval_metric"": ""auc"", ""objective"": ""binary:logistic"", ""random_state"": 42, ""seed"": 42, ""tree_method"": ""hist"", ""verbosity"": 0}",study3_ab_fair_event_target_v1_financial18_exploratory
2009,A_old_candidate,,seed42_A2009_old_to_2006,1999,2006,"1999,2000,2001,2002,2003,2004,2005,2006",37180,203,36977,203,36915,TomekLinks,42,"{""eval_metric"": ""auc"", ""objective"": ""binary:logistic"", ""random_state"": 42, ""seed"": 42, ""tree_method"": ""hist"", ""verbosity"": 0}",study3_ab_fair_event_target_v1_financial18_exploratory
2009,A_new_candidate,,seed42_A2009_new_2007_to_2007,2007,2007,2007,4009,59,3950,59,3937,TomekLinks,42,"{""eval_metric"": ""auc"", ""objective"": ""binary:logistic"", ""random_state"": 42, ""seed"": 42, ""tree_method"": ""hist"", ""verbosity"": 0}",study3_ab_fair_event_target_v1_financial18_exploratory
2009,FullHistory,,seed42_FullHistory_2009,1999,2007,"1999,2000,2001,2002,2003,2004,2005,2006,2007",41189,262,40927,262,40854,TomekLinks,42,"{""eval_metric"": ""auc"", ""objective"": ""binary:logistic"", ""random_state"": 42, ""seed"": 42, ""tree_method"": ""hist"", ""verbosity"": 0}",study3_ab_fair_event_target_v1_financial18_exploratory
2009,Recent1y,,seed42_Recent1y_2009,2007,2007,2007,4009,59,3950,59,3937,TomekLinks,42,"{""eval_metric"": ""auc"", ""objective"": ""binary:logistic"", ""random_state"": 42, ""seed"": 42, ""tree_method"": ""hist"", ""verbosity"": 0}",study3_ab_fair_event_target_v1_financial18_exploratory
2009,Recent5y,,seed42_Recent5y_2009,2003,2007,"2003,2004,2005,2006,2007",21107,225,20882,225,20817,TomekLinks,42,"{""eval_metric"": ""auc"", ""objective"": ""binary:logistic"", ""random_state"": 42, ""seed"": 42, ""tree_method"": ""hist"", ""verbosity"": 0}",study3_ab_fair_event_target_v1_financial18_exploratory
2010,B_model,retained,seed42_M2006,2004,2006,"2004,2005,2006",12681,137,12544,137,12498,TomekLinks,42,"{""eval_metric"": ""auc"", ""objective"": ""binary:logistic"", ""random_state"": 42, ""seed"": 42, ""tree_method"": ""hist"", ""verbosity"": 0}",study3_ab_fair_event_target_v1_financial18_exploratory
2010,B_model,retained,seed42_M2007,2005,2007,"2005,2006,2007",12342,150,12192,150,12146,TomekLinks,42,"{""eval_metric"": ""auc"", ""objective"": ""binary:logistic"", ""random_state"": 42, ""seed"": 42, ""tree_method"": ""hist"", ""verbosity"": 0}",study3_ab_fair_event_target_v1_financial18_exploratory
2010,B_model,added,seed42_M2008,2006,2008,"2006,2007,2008",11994,168,11826,168,11783,TomekLinks,42,"{""eval_metric"": ""auc"", ""objective"": ""binary:logistic"", ""random_state"": 42, ""seed"": 42, ""tree_method"": ""hist"", ""verbosity"": 0}",study3_ab_fair_event_target_v1_financial18_exploratory
2010,B_data_old,,seed42_Bdata_old_2010,2006,2007,"2006,2007",8137,110,8027,110,7998,TomekLinks,42,"{""eval_metric"": ""auc"", ""objective"": ""binary:logistic"", ""random_state"": 42, ""seed"": 42, ""tree_method"": ""hist"", ""verbosity"": 0}",study3_ab_fair_event_target_v1_financial18_exploratory
2010,B_data_new,,seed42_Bdata_new_2010,2008,2008,2008,3857,58,3799,58,3788,TomekLinks,42,"{""eval_metric"": ""auc"", ""objective"": ""binary:logistic"", ""random_state"": 42, ""seed"": 42, ""tree_method"": ""hist"", ""verbosity"": 0}",study3_ab_fair_event_target_v1_financial18_exploratory
2010,A_old_candidate,,seed42_A2010_old_to_2001,1999,2001,"1999,2000,2001",15431,20,15411,20,15404,TomekLinks,42,"{""eval_metric"": ""auc"", ""objective"": ""binary:logistic"", ""random_state"": 42, ""seed"": 42, ""tree_method"": ""hist"", ""verbosity"": 0}",study3_ab_fair_event_target_v1_financial18_exploratory
2010,A_new_candidate,,seed42_A2010_new_2002_to_2008,2002,2008,"2002,2003,2004,2005,2006,2007,2008",29615,300,29315,300,29221,TomekLinks,42,"{""eval_metric"": ""auc"", ""objective"": ""binary:logistic"", ""random_state"": 42, ""seed"": 42, ""tree_method"": ""hist"", ""verbosity"": 0}",study3_ab_fair_event_target_v1_financial18_exploratory
2010,A_old_candidate,,seed42_A2010_old_to_2002,1999,2002,"1999,2000,2001,2002",20082,37,20045,37,20033,TomekLinks,42,"{""eval_metric"": ""auc"", ""objective"": ""binary:logistic"", ""random_state"": 42, ""seed"": 42, ""tree_method"": ""hist"", ""verbosity"": 0}",study3_ab_fair_event_target_v1_financial18_exploratory
2010,A_new_candidate,,seed42_A2010_new_2003_to_2008,2003,2008,"2003,2004,2005,2006,2007,2008",24964,283,24681,283,24591,TomekLinks,42,"{""eval_metric"": ""auc"", ""objective"": ""binary:logistic"", ""random_state"": 42, ""seed"": 42, ""tree_method"": ""hist"", ""verbosity"": 0}",study3_ab_fair_event_target_v1_financial18_exploratory
2010,A_old_candidate,,seed42_A2010_old_to_2003,1999,2003,"1999,2000,2001,2002,2003",24499,66,24433,66,24410,TomekLinks,42,"{""eval_metric"": ""auc"", ""objective"": ""binary:logistic"", ""random_state"": 42, ""seed"": 42, ""tree_method"": ""hist"", ""verbosity"": 0}",study3_ab_fair_event_target_v1_financial18_exploratory
2010,A_new_candidate,,seed42_A2010_new_2004_to_2008,2004,2008,"2004,2005,2006,2007,2008",20547,254,20293,254,20214,TomekLinks,42,"{""eval_metric"": ""auc"", ""objective"": ""binary:logistic"", ""random_state"": 42, ""seed"": 42, ""tree_method"": ""hist"", ""verbosity"": 0}",study3_ab_fair_event_target_v1_financial18_exploratory
2010,A_old_candidate,,seed42_A2010_old_to_2004,1999,2004,"1999,2000,2001,2002,2003,2004",28847,112,28735,112,28705,TomekLinks,42,"{""eval_metric"": ""auc"", ""objective"": ""binary:logistic"", ""random_state"": 42, ""seed"": 42, ""tree_method"": ""hist"", ""verbosity"": 0}",study3_ab_fair_event_target_v1_financial18_exploratory
2010,A_new_candidate,,seed42_A2010_new_2005_to_2008,2005,2008,"2005,2006,2007,2008",16199,208,15991,208,15926,TomekLinks,42,"{""eval_metric"": ""auc"", ""objective"": ""binary:logistic"", ""random_state"": 42, ""seed"": 42, ""tree_method"": ""hist"", ""verbosity"": 0}",study3_ab_fair_event_target_v1_financial18_exploratory
2010,A_old_candidate,,seed42_A2010_old_to_2005,1999,2005,"1999,2000,2001,2002,2003,2004,2005",33052,152,32900,152,32854,TomekLinks,42,"{""eval_metric"": ""auc"", ""objective"": ""binary:logistic"", ""random_state"": 42, ""seed"": 42, ""tree_method"": ""hist"", ""verbosity"": 0}",study3_ab_fair_event_target_v1_financial18_exploratory
2010,A_new_candidate,,seed42_A2010_new_2006_to_2008,2006,2008,"2006,2007,2008",11994,168,11826,168,11783,TomekLinks,42,"{""eval_metric"": ""auc"", ""objective"": ""binary:logistic"", ""random_state"": 42, ""seed"": 42, ""tree_method"": ""hist"", ""verbosity"": 0}",study3_ab_fair_event_target_v1_financial18_exploratory
2010,A_old_candidate,,seed42_A2010_old_to_2006,1999,2006,"1999,2000,2001,2002,2003,2004,2005,2006",37180,203,36977,203,36915,TomekLinks,42,"{""eval_metric"": ""auc"", ""objective"": ""binary:logistic"", ""random_state"": 42, ""seed"": 42, ""tree_method"": ""hist"", ""verbosity"": 0}",study3_ab_fair_event_target_v1_financial18_exploratory
2010,A_new_candidate,,seed42_A2010_new_2007_to_2008,2007,2008,"2007,2008",7866,117,7749,117,7717,TomekLinks,42,"{""eval_metric"": ""auc"", ""objective"": ""binary:logistic"", ""random_state"": 42, ""seed"": 42, ""tree_method"": ""hist"", ""verbosity"": 0}",study3_ab_fair_event_target_v1_financial18_exploratory
2010,A_old_candidate,,seed42_A2010_old_to_2007,1999,2007,"1999,2000,2001,2002,2003,2004,2005,2006,2007",41189,262,40927,262,40854,TomekLinks,42,"{""eval_metric"": ""auc"", ""objective"": ""binary:logistic"", ""random_state"": 42, ""seed"": 42, ""tree_method"": ""hist"", ""verbosity"": 0}",study3_ab_fair_event_target_v1_financial18_exploratory
2010,A_new_candidate,,seed42_A2010_new_2008_to_2008,2008,2008,2008,3857,58,3799,58,3788,TomekLinks,42,"{""eval_metric"": ""auc"", ""objective"": ""binary:logistic"", ""random_state"": 42, ""seed"": 42, ""tree_method"": ""hist"", ""verbosity"": 0}",study3_ab_fair_event_target_v1_financial18_exploratory
2010,FullHistory,,seed42_FullHistory_2010,1999,2008,"1999,2000,2001,2002,2003,2004,2005,2006,2007,2008",45046,320,44726,320,44634,TomekLinks,42,"{""eval_metric"": ""auc"", ""objective"": ""binary:logistic"", ""random_state"": 42, ""seed"": 42, ""tree_method"": ""hist"", ""verbosity"": 0}",study3_ab_fair_event_target_v1_financial18_exploratory
2010,Recent1y,,seed42_Recent1y_2010,2008,2008,2008,3857,58,3799,58,3788,TomekLinks,42,"{""eval_metric"": ""auc"", ""objective"": ""binary:logistic"", ""random_state"": 42, ""seed"": 42, ""tree_method"": ""hist"", ""verbosity"": 0}",study3_ab_fair_event_target_v1_financial18_exploratory
2010,Recent5y,,seed42_Recent5y_2010,2004,2008,"2004,2005,2006,2007,2008",20547,254,20293,254,20214,TomekLinks,42,"{""eval_metric"": ""auc"", ""objective"": ""binary:logistic"", ""random_state"": 42, ""seed"": 42, ""tree_method"": ""hist"", ""verbosity"": 0}",study3_ab_fair_event_target_v1_financial18_exploratory
2011,B_model,retained,seed42_M2007,2005,2007,"2005,2006,2007",12342,150,12192,150,12146,TomekLinks,42,"{""eval_metric"": ""auc"", ""objective"": ""binary:logistic"", ""random_state"": 42, ""seed"": 42, ""tree_method"": ""hist"", ""verbosity"": 0}",study3_ab_fair_event_target_v1_financial18_exploratory
2011,B_model,retained,seed42_M2008,2006,2008,"2006,2007,2008",11994,168,11826,168,11783,TomekLinks,42,"{""eval_metric"": ""auc"", ""objective"": ""binary:logistic"", ""random_state"": 42, ""seed"": 42, ""tree_method"": ""hist"", ""verbosity"": 0}",study3_ab_fair_event_target_v1_financial18_exploratory
2011,B_model,added,seed42_M2009,2007,2009,"2007,2008,2009",11609,140,11469,140,11430,TomekLinks,42,"{""eval_metric"": ""auc"", ""objective"": ""binary:logistic"", ""random_state"": 42, ""seed"": 42, ""tree_method"": ""hist"", ""verbosity"": 0}",study3_ab_fair_event_target_v1_financial18_exploratory
2011,B_data_old,,seed42_Bdata_old_2011,2007,2008,"2007,2008",7866,117,7749,117,7717,TomekLinks,42,"{""eval_metric"": ""auc"", ""objective"": ""binary:logistic"", ""random_state"": 42, ""seed"": 42, ""tree_method"": ""hist"", ""verbosity"": 0}",study3_ab_fair_event_target_v1_financial18_exploratory
2011,B_data_new,,seed42_Bdata_new_2011,2009,2009,2009,3743,23,3720,23,3710,TomekLinks,42,"{""eval_metric"": ""auc"", ""objective"": ""binary:logistic"", ""random_state"": 42, ""seed"": 42, ""tree_method"": ""hist"", ""verbosity"": 0}",study3_ab_fair_event_target_v1_financial18_exploratory
2011,A_old_candidate,,seed42_A2011_old_to_2001,1999,2001,"1999,2000,2001",15431,20,15411,20,15404,TomekLinks,42,"{""eval_metric"": ""auc"", ""objective"": ""binary:logistic"", ""random_state"": 42, ""seed"": 42, ""tree_method"": ""hist"", ""verbosity"": 0}",study3_ab_fair_event_target_v1_financial18_exploratory
2011,A_new_candidate,,seed42_A2011_new_2002_to_2009,2002,2009,"2002,2003,2004,2005,2006,2007,2008,2009",33358,323,33035,323,32940,TomekLinks,42,"{""eval_metric"": ""auc"", ""objective"": ""binary:logistic"", ""random_state"": 42, ""seed"": 42, ""tree_method"": ""hist"", ""verbosity"": 0}",study3_ab_fair_event_target_v1_financial18_exploratory
2011,A_old_candidate,,seed42_A2011_old_to_2002,1999,2002,"1999,2000,2001,2002",20082,37,20045,37,20033,TomekLinks,42,"{""eval_metric"": ""auc"", ""objective"": ""binary:logistic"", ""random_state"": 42, ""seed"": 42, ""tree_method"": ""hist"", ""verbosity"": 0}",study3_ab_fair_event_target_v1_financial18_exploratory
2011,A_new_candidate,,seed42_A2011_new_2003_to_2009,2003,2009,"2003,2004,2005,2006,2007,2008,2009",28707,306,28401,306,28309,TomekLinks,42,"{""eval_metric"": ""auc"", ""objective"": ""binary:logistic"", ""random_state"": 42, ""seed"": 42, ""tree_method"": ""hist"", ""verbosity"": 0}",study3_ab_fair_event_target_v1_financial18_exploratory
2011,A_old_candidate,,seed42_A2011_old_to_2003,1999,2003,"1999,2000,2001,2002,2003",24499,66,24433,66,24410,TomekLinks,42,"{""eval_metric"": ""auc"", ""objective"": ""binary:logistic"", ""random_state"": 42, ""seed"": 42, ""tree_method"": ""hist"", ""verbosity"": 0}",study3_ab_fair_event_target_v1_financial18_exploratory
2011,A_new_candidate,,seed42_A2011_new_2004_to_2009,2004,2009,"2004,2005,2006,2007,2008,2009",24290,277,24013,277,23931,TomekLinks,42,"{""eval_metric"": ""auc"", ""objective"": ""binary:logistic"", ""random_state"": 42, ""seed"": 42, ""tree_method"": ""hist"", ""verbosity"": 0}",study3_ab_fair_event_target_v1_financial18_exploratory
2011,A_old_candidate,,seed42_A2011_old_to_2004,1999,2004,"1999,2000,2001,2002,2003,2004",28847,112,28735,112,28705,TomekLinks,42,"{""eval_metric"": ""auc"", ""objective"": ""binary:logistic"", ""random_state"": 42, ""seed"": 42, ""tree_method"": ""hist"", ""verbosity"": 0}",study3_ab_fair_event_target_v1_financial18_exploratory
2011,A_new_candidate,,seed42_A2011_new_2005_to_2009,2005,2009,"2005,2006,2007,2008,2009",19942,231,19711,231,19644,TomekLinks,42,"{""eval_metric"": ""auc"", ""objective"": ""binary:logistic"", ""random_state"": 42, ""seed"": 42, ""tree_method"": ""hist"", ""verbosity"": 0}",study3_ab_fair_event_target_v1_financial18_exploratory
2011,A_old_candidate,,seed42_A2011_old_to_2005,1999,2005,"1999,2000,2001,2002,2003,2004,2005",33052,152,32900,152,32854,TomekLinks,42,"{""eval_metric"": ""auc"", ""objective"": ""binary:logistic"", ""random_state"": 42, ""seed"": 42, ""tree_method"": ""hist"", ""verbosity"": 0}",study3_ab_fair_event_target_v1_financial18_exploratory
2011,A_new_candidate,,seed42_A2011_new_2006_to_2009,2006,2009,"2006,2007,2008,2009",15737,191,15546,191,15488,TomekLinks,42,"{""eval_metric"": ""auc"", ""objective"": ""binary:logistic"", ""random_state"": 42, ""seed"": 42, ""tree_method"": ""hist"", ""verbosity"": 0}",study3_ab_fair_event_target_v1_financial18_exploratory
2011,A_old_candidate,,seed42_A2011_old_to_2006,1999,2006,"1999,2000,2001,2002,2003,2004,2005,2006",37180,203,36977,203,36915,TomekLinks,42,"{""eval_metric"": ""auc"", ""objective"": ""binary:logistic"", ""random_state"": 42, ""seed"": 42, ""tree_method"": ""hist"", ""verbosity"": 0}",study3_ab_fair_event_target_v1_financial18_exploratory
2011,A_new_candidate,,seed42_A2011_new_2007_to_2009,2007,2009,"2007,2008,2009",11609,140,11469,140,11430,TomekLinks,42,"{""eval_metric"": ""auc"", ""objective"": ""binary:logistic"", ""random_state"": 42, ""seed"": 42, ""tree_method"": ""hist"", ""verbosity"": 0}",study3_ab_fair_event_target_v1_financial18_exploratory
2011,A_old_candidate,,seed42_A2011_old_to_2007,1999,2007,"1999,2000,2001,2002,2003,2004,2005,2006,2007",41189,262,40927,262,40854,TomekLinks,42,"{""eval_metric"": ""auc"", ""objective"": ""binary:logistic"", ""random_state"": 42, ""seed"": 42, ""tree_method"": ""hist"", ""verbosity"": 0}",study3_ab_fair_event_target_v1_financial18_exploratory
2011,A_new_candidate,,seed42_A2011_new_2008_to_2009,2008,2009,"2008,2009",7600,81,7519,81,7501,TomekLinks,42,"{""eval_metric"": ""auc"", ""objective"": ""binary:logistic"", ""random_state"": 42, ""seed"": 42, ""tree_method"": ""hist"", ""verbosity"": 0}",study3_ab_fair_event_target_v1_financial18_exploratory
2011,A_old_candidate,,seed42_A2011_old_to_2008,1999,2008,"1999,2000,2001,2002,2003,2004,2005,2006,2007,2008",45046,320,44726,320,44634,TomekLinks,42,"{""eval_metric"": ""auc"", ""objective"": ""binary:logistic"", ""random_state"": 42, ""seed"": 42, ""tree_method"": ""hist"", ""verbosity"": 0}",study3_ab_fair_event_target_v1_financial18_exploratory
2011,A_new_candidate,,seed42_A2011_new_2009_to_2009,2009,2009,2009,3743,23,3720,23,3710,TomekLinks,42,"{""eval_metric"": ""auc"", ""objective"": ""binary:logistic"", ""random_state"": 42, ""seed"": 42, ""tree_method"": ""hist"", ""verbosity"": 0}",study3_ab_fair_event_target_v1_financial18_exploratory
2011,FullHistory,,seed42_FullHistory_2011,1999,2009,"1999,2000,2001,2002,2003,2004,2005,2006,2007,2008,2009",48789,343,48446,343,48348,TomekLinks,42,"{""eval_metric"": ""auc"", ""objective"": ""binary:logistic"", ""random_state"": 42, ""seed"": 42, ""tree_method"": ""hist"", ""verbosity"": 0}",study3_ab_fair_event_target_v1_financial18_exploratory
2011,Recent1y,,seed42_Recent1y_2011,2009,2009,2009,3743,23,3720,23,3710,TomekLinks,42,"{""eval_metric"": ""auc"", ""objective"": ""binary:logistic"", ""random_state"": 42, ""seed"": 42, ""tree_method"": ""hist"", ""verbosity"": 0}",study3_ab_fair_event_target_v1_financial18_exploratory
2011,Recent5y,,seed42_Recent5y_2011,2005,2009,"2005,2006,2007,2008,2009",19942,231,19711,231,19644,TomekLinks,42,"{""eval_metric"": ""auc"", ""objective"": ""binary:logistic"", ""random_state"": 42, ""seed"": 42, ""tree_method"": ""hist"", ""verbosity"": 0}",study3_ab_fair_event_target_v1_financial18_exploratory
2012,B_model,retained,seed42_M2008,2006,2008,"2006,2007,2008",11994,168,11826,168,11783,TomekLinks,42,"{""eval_metric"": ""auc"", ""objective"": ""binary:logistic"", ""random_state"": 42, ""seed"": 42, ""tree_method"": ""hist"", ""verbosity"": 0}",study3_ab_fair_event_target_v1_financial18_exploratory
2012,B_model,retained,seed42_M2009,2007,2009,"2007,2008,2009",11609,140,11469,140,11430,TomekLinks,42,"{""eval_metric"": ""auc"", ""objective"": ""binary:logistic"", ""random_state"": 42, ""seed"": 42, ""tree_method"": ""hist"", ""verbosity"": 0}",study3_ab_fair_event_target_v1_financial18_exploratory
2012,B_model,added,seed42_M2010,2008,2010,"2008,2009,2010",11225,116,11109,116,11077,TomekLinks,42,"{""eval_metric"": ""auc"", ""objective"": ""binary:logistic"", ""random_state"": 42, ""seed"": 42, ""tree_method"": ""hist"", ""verbosity"": 0}",study3_ab_fair_event_target_v1_financial18_exploratory
2012,B_data_old,,seed42_Bdata_old_2012,2008,2009,"2008,2009",7600,81,7519,81,7501,TomekLinks,42,"{""eval_metric"": ""auc"", ""objective"": ""binary:logistic"", ""random_state"": 42, ""seed"": 42, ""tree_method"": ""hist"", ""verbosity"": 0}",study3_ab_fair_event_target_v1_financial18_exploratory
2012,B_data_new,,seed42_Bdata_new_2012,2010,2010,2010,3625,35,3590,35,3578,TomekLinks,42,"{""eval_metric"": ""auc"", ""objective"": ""binary:logistic"", ""random_state"": 42, ""seed"": 42, ""tree_method"": ""hist"", ""verbosity"": 0}",study3_ab_fair_event_target_v1_financial18_exploratory
2012,A_old_candidate,,seed42_A2012_old_to_2001,1999,2001,"1999,2000,2001",15431,20,15411,20,15404,TomekLinks,42,"{""eval_metric"": ""auc"", ""objective"": ""binary:logistic"", ""random_state"": 42, ""seed"": 42, ""tree_method"": ""hist"", ""verbosity"": 0}",study3_ab_fair_event_target_v1_financial18_exploratory
2012,A_new_candidate,,seed42_A2012_new_2002_to_2010,2002,2010,"2002,2003,2004,2005,2006,2007,2008,2009,2010",36983,358,36625,358,36517,TomekLinks,42,"{""eval_metric"": ""auc"", ""objective"": ""binary:logistic"", ""random_state"": 42, ""seed"": 42, ""tree_method"": ""hist"", ""verbosity"": 0}",study3_ab_fair_event_target_v1_financial18_exploratory
2012,A_old_candidate,,seed42_A2012_old_to_2002,1999,2002,"1999,2000,2001,2002",20082,37,20045,37,20033,TomekLinks,42,"{""eval_metric"": ""auc"", ""objective"": ""binary:logistic"", ""random_state"": 42, ""seed"": 42, ""tree_method"": ""hist"", ""verbosity"": 0}",study3_ab_fair_event_target_v1_financial18_exploratory
2012,A_new_candidate,,seed42_A2012_new_2003_to_2010,2003,2010,"2003,2004,2005,2006,2007,2008,2009,2010",32332,341,31991,341,31887,TomekLinks,42,"{""eval_metric"": ""auc"", ""objective"": ""binary:logistic"", ""random_state"": 42, ""seed"": 42, ""tree_method"": ""hist"", ""verbosity"": 0}",study3_ab_fair_event_target_v1_financial18_exploratory
2012,A_old_candidate,,seed42_A2012_old_to_2003,1999,2003,"1999,2000,2001,2002,2003",24499,66,24433,66,24410,TomekLinks,42,"{""eval_metric"": ""auc"", ""objective"": ""binary:logistic"", ""random_state"": 42, ""seed"": 42, ""tree_method"": ""hist"", ""verbosity"": 0}",study3_ab_fair_event_target_v1_financial18_exploratory
2012,A_new_candidate,,seed42_A2012_new_2004_to_2010,2004,2010,"2004,2005,2006,2007,2008,2009,2010",27915,312,27603,312,27510,TomekLinks,42,"{""eval_metric"": ""auc"", ""objective"": ""binary:logistic"", ""random_state"": 42, ""seed"": 42, ""tree_method"": ""hist"", ""verbosity"": 0}",study3_ab_fair_event_target_v1_financial18_exploratory
2012,A_old_candidate,,seed42_A2012_old_to_2004,1999,2004,"1999,2000,2001,2002,2003,2004",28847,112,28735,112,28705,TomekLinks,42,"{""eval_metric"": ""auc"", ""objective"": ""binary:logistic"", ""random_state"": 42, ""seed"": 42, ""tree_method"": ""hist"", ""verbosity"": 0}",study3_ab_fair_event_target_v1_financial18_exploratory
2012,A_new_candidate,,seed42_A2012_new_2005_to_2010,2005,2010,"2005,2006,2007,2008,2009,2010",23567,266,23301,266,23222,TomekLinks,42,"{""eval_metric"": ""auc"", ""objective"": ""binary:logistic"", ""random_state"": 42, ""seed"": 42, ""tree_method"": ""hist"", ""verbosity"": 0}",study3_ab_fair_event_target_v1_financial18_exploratory
2012,A_old_candidate,,seed42_A2012_old_to_2005,1999,2005,"1999,2000,2001,2002,2003,2004,2005",33052,152,32900,152,32854,TomekLinks,42,"{""eval_metric"": ""auc"", ""objective"": ""binary:logistic"", ""random_state"": 42, ""seed"": 42, ""tree_method"": ""hist"", ""verbosity"": 0}",study3_ab_fair_event_target_v1_financial18_exploratory
2012,A_new_candidate,,seed42_A2012_new_2006_to_2010,2006,2010,"2006,2007,2008,2009,2010",19362,226,19136,226,19069,TomekLinks,42,"{""eval_metric"": ""auc"", ""objective"": ""binary:logistic"", ""random_state"": 42, ""seed"": 42, ""tree_method"": ""hist"", ""verbosity"": 0}",study3_ab_fair_event_target_v1_financial18_exploratory
2012,A_old_candidate,,seed42_A2012_old_to_2006,1999,2006,"1999,2000,2001,2002,2003,2004,2005,2006",37180,203,36977,203,36915,TomekLinks,42,"{""eval_metric"": ""auc"", ""objective"": ""binary:logistic"", ""random_state"": 42, ""seed"": 42, ""tree_method"": ""hist"", ""verbosity"": 0}",study3_ab_fair_event_target_v1_financial18_exploratory
2012,A_new_candidate,,seed42_A2012_new_2007_to_2010,2007,2010,"2007,2008,2009,2010",15234,175,15059,175,15009,TomekLinks,42,"{""eval_metric"": ""auc"", ""objective"": ""binary:logistic"", ""random_state"": 42, ""seed"": 42, ""tree_method"": ""hist"", ""verbosity"": 0}",study3_ab_fair_event_target_v1_financial18_exploratory
2012,A_old_candidate,,seed42_A2012_old_to_2007,1999,2007,"1999,2000,2001,2002,2003,2004,2005,2006,2007",41189,262,40927,262,40854,TomekLinks,42,"{""eval_metric"": ""auc"", ""objective"": ""binary:logistic"", ""random_state"": 42, ""seed"": 42, ""tree_method"": ""hist"", ""verbosity"": 0}",study3_ab_fair_event_target_v1_financial18_exploratory
2012,A_new_candidate,,seed42_A2012_new_2008_to_2010,2008,2010,"2008,2009,2010",11225,116,11109,116,11077,TomekLinks,42,"{""eval_metric"": ""auc"", ""objective"": ""binary:logistic"", ""random_state"": 42, ""seed"": 42, ""tree_method"": ""hist"", ""verbosity"": 0}",study3_ab_fair_event_target_v1_financial18_exploratory
2012,A_old_candidate,,seed42_A2012_old_to_2008,1999,2008,"1999,2000,2001,2002,2003,2004,2005,2006,2007,2008",45046,320,44726,320,44634,TomekLinks,42,"{""eval_metric"": ""auc"", ""objective"": ""binary:logistic"", ""random_state"": 42, ""seed"": 42, ""tree_method"": ""hist"", ""verbosity"": 0}",study3_ab_fair_event_target_v1_financial18_exploratory
2012,A_new_candidate,,seed42_A2012_new_2009_to_2010,2009,2010,"2009,2010",7368,58,7310,58,7287,TomekLinks,42,"{""eval_metric"": ""auc"", ""objective"": ""binary:logistic"", ""random_state"": 42, ""seed"": 42, ""tree_method"": ""hist"", ""verbosity"": 0}",study3_ab_fair_event_target_v1_financial18_exploratory
2012,A_old_candidate,,seed42_A2012_old_to_2009,1999,2009,"1999,2000,2001,2002,2003,2004,2005,2006,2007,2008,2009",48789,343,48446,343,48348,TomekLinks,42,"{""eval_metric"": ""auc"", ""objective"": ""binary:logistic"", ""random_state"": 42, ""seed"": 42, ""tree_method"": ""hist"", ""verbosity"": 0}",study3_ab_fair_event_target_v1_financial18_exploratory
2012,A_new_candidate,,seed42_A2012_new_2010_to_2010,2010,2010,2010,3625,35,3590,35,3578,TomekLinks,42,"{""eval_metric"": ""auc"", ""objective"": ""binary:logistic"", ""random_state"": 42, ""seed"": 42, ""tree_method"": ""hist"", ""verbosity"": 0}",study3_ab_fair_event_target_v1_financial18_exploratory
2012,FullHistory,,seed42_FullHistory_2012,1999,2010,"1999,2000,2001,2002,2003,2004,2005,2006,2007,2008,2009,2010",52414,378,52036,378,51928,TomekLinks,42,"{""eval_metric"": ""auc"", ""objective"": ""binary:logistic"", ""random_state"": 42, ""seed"": 42, ""tree_method"": ""hist"", ""verbosity"": 0}",study3_ab_fair_event_target_v1_financial18_exploratory
2012,Recent1y,,seed42_Recent1y_2012,2010,2010,2010,3625,35,3590,35,3578,TomekLinks,42,"{""eval_metric"": ""auc"", ""objective"": ""binary:logistic"", ""random_state"": 42, ""seed"": 42, ""tree_method"": ""hist"", ""verbosity"": 0}",study3_ab_fair_event_target_v1_financial18_exploratory
2012,Recent5y,,seed42_Recent5y_2012,2006,2010,"2006,2007,2008,2009,2010",19362,226,19136,226,19069,TomekLinks,42,"{""eval_metric"": ""auc"", ""objective"": ""binary:logistic"", ""random_state"": 42, ""seed"": 42, ""tree_method"": ""hist"", ""verbosity"": 0}",study3_ab_fair_event_target_v1_financial18_exploratory
2013,B_model,retained,seed42_M2009,2007,2009,"2007,2008,2009",11609,140,11469,140,11430,TomekLinks,42,"{""eval_metric"": ""auc"", ""objective"": ""binary:logistic"", ""random_state"": 42, ""seed"": 42, ""tree_method"": ""hist"", ""verbosity"": 0}",study3_ab_fair_event_target_v1_financial18_exploratory
2013,B_model,retained,seed42_M2010,2008,2010,"2008,2009,2010",11225,116,11109,116,11077,TomekLinks,42,"{""eval_metric"": ""auc"", ""objective"": ""binary:logistic"", ""random_state"": 42, ""seed"": 42, ""tree_method"": ""hist"", ""verbosity"": 0}",study3_ab_fair_event_target_v1_financial18_exploratory
2013,B_model,added,seed42_M2011,2009,2011,"2009,2010,2011",10881,83,10798,83,10770,TomekLinks,42,"{""eval_metric"": ""auc"", ""objective"": ""binary:logistic"", ""random_state"": 42, ""seed"": 42, ""tree_method"": ""hist"", ""verbosity"": 0}",study3_ab_fair_event_target_v1_financial18_exploratory
2013,B_data_old,,seed42_Bdata_old_2013,2009,2010,"2009,2010",7368,58,7310,58,7287,TomekLinks,42,"{""eval_metric"": ""auc"", ""objective"": ""binary:logistic"", ""random_state"": 42, ""seed"": 42, ""tree_method"": ""hist"", ""verbosity"": 0}",study3_ab_fair_event_target_v1_financial18_exploratory
2013,B_data_new,,seed42_Bdata_new_2013,2011,2011,2011,3513,25,3488,25,3479,TomekLinks,42,"{""eval_metric"": ""auc"", ""objective"": ""binary:logistic"", ""random_state"": 42, ""seed"": 42, ""tree_method"": ""hist"", ""verbosity"": 0}",study3_ab_fair_event_target_v1_financial18_exploratory
2013,A_old_candidate,,seed42_A2013_old_to_2001,1999,2001,"1999,2000,2001",15431,20,15411,20,15404,TomekLinks,42,"{""eval_metric"": ""auc"", ""objective"": ""binary:logistic"", ""random_state"": 42, ""seed"": 42, ""tree_method"": ""hist"", ""verbosity"": 0}",study3_ab_fair_event_target_v1_financial18_exploratory
2013,A_new_candidate,,seed42_A2013_new_2002_to_2011,2002,2011,"2002,2003,2004,2005,2006,2007,2008,2009,2010,2011",40496,383,40113,383,39996,TomekLinks,42,"{""eval_metric"": ""auc"", ""objective"": ""binary:logistic"", ""random_state"": 42, ""seed"": 42, ""tree_method"": ""hist"", ""verbosity"": 0}",study3_ab_fair_event_target_v1_financial18_exploratory
2013,A_old_candidate,,seed42_A2013_old_to_2002,1999,2002,"1999,2000,2001,2002",20082,37,20045,37,20033,TomekLinks,42,"{""eval_metric"": ""auc"", ""objective"": ""binary:logistic"", ""random_state"": 42, ""seed"": 42, ""tree_method"": ""hist"", ""verbosity"": 0}",study3_ab_fair_event_target_v1_financial18_exploratory
2013,A_new_candidate,,seed42_A2013_new_2003_to_2011,2003,2011,"2003,2004,2005,2006,2007,2008,2009,2010,2011",35845,366,35479,366,35373,TomekLinks,42,"{""eval_metric"": ""auc"", ""objective"": ""binary:logistic"", ""random_state"": 42, ""seed"": 42, ""tree_method"": ""hist"", ""verbosity"": 0}",study3_ab_fair_event_target_v1_financial18_exploratory
2013,A_old_candidate,,seed42_A2013_old_to_2003,1999,2003,"1999,2000,2001,2002,2003",24499,66,24433,66,24410,TomekLinks,42,"{""eval_metric"": ""auc"", ""objective"": ""binary:logistic"", ""random_state"": 42, ""seed"": 42, ""tree_method"": ""hist"", ""verbosity"": 0}",study3_ab_fair_event_target_v1_financial18_exploratory
2013,A_new_candidate,,seed42_A2013_new_2004_to_2011,2004,2011,"2004,2005,2006,2007,2008,2009,2010,2011",31428,337,31091,337,31000,TomekLinks,42,"{""eval_metric"": ""auc"", ""objective"": ""binary:logistic"", ""random_state"": 42, ""seed"": 42, ""tree_method"": ""hist"", ""verbosity"": 0}",study3_ab_fair_event_target_v1_financial18_exploratory
2013,A_old_candidate,,seed42_A2013_old_to_2004,1999,2004,"1999,2000,2001,2002,2003,2004",28847,112,28735,112,28705,TomekLinks,42,"{""eval_metric"": ""auc"", ""objective"": ""binary:logistic"", ""random_state"": 42, ""seed"": 42, ""tree_method"": ""hist"", ""verbosity"": 0}",study3_ab_fair_event_target_v1_financial18_exploratory
2013,A_new_candidate,,seed42_A2013_new_2005_to_2011,2005,2011,"2005,2006,2007,2008,2009,2010,2011",27080,291,26789,291,26711,TomekLinks,42,"{""eval_metric"": ""auc"", ""objective"": ""binary:logistic"", ""random_state"": 42, ""seed"": 42, ""tree_method"": ""hist"", ""verbosity"": 0}",study3_ab_fair_event_target_v1_financial18_exploratory
2013,A_old_candidate,,seed42_A2013_old_to_2005,1999,2005,"1999,2000,2001,2002,2003,2004,2005",33052,152,32900,152,32854,TomekLinks,42,"{""eval_metric"": ""auc"", ""objective"": ""binary:logistic"", ""random_state"": 42, ""seed"": 42, ""tree_method"": ""hist"", ""verbosity"": 0}",study3_ab_fair_event_target_v1_financial18_exploratory
2013,A_new_candidate,,seed42_A2013_new_2006_to_2011,2006,2011,"2006,2007,2008,2009,2010,2011",22875,251,22624,251,22559,TomekLinks,42,"{""eval_metric"": ""auc"", ""objective"": ""binary:logistic"", ""random_state"": 42, ""seed"": 42, ""tree_method"": ""hist"", ""verbosity"": 0}",study3_ab_fair_event_target_v1_financial18_exploratory
2013,A_old_candidate,,seed42_A2013_old_to_2006,1999,2006,"1999,2000,2001,2002,2003,2004,2005,2006",37180,203,36977,203,36915,TomekLinks,42,"{""eval_metric"": ""auc"", ""objective"": ""binary:logistic"", ""random_state"": 42, ""seed"": 42, ""tree_method"": ""hist"", ""verbosity"": 0}",study3_ab_fair_event_target_v1_financial18_exploratory
2013,A_new_candidate,,seed42_A2013_new_2007_to_2011,2007,2011,"2007,2008,2009,2010,2011",18747,200,18547,200,18492,TomekLinks,42,"{""eval_metric"": ""auc"", ""objective"": ""binary:logistic"", ""random_state"": 42, ""seed"": 42, ""tree_method"": ""hist"", ""verbosity"": 0}",study3_ab_fair_event_target_v1_financial18_exploratory
2013,A_old_candidate,,seed42_A2013_old_to_2007,1999,2007,"1999,2000,2001,2002,2003,2004,2005,2006,2007",41189,262,40927,262,40854,TomekLinks,42,"{""eval_metric"": ""auc"", ""objective"": ""binary:logistic"", ""random_state"": 42, ""seed"": 42, ""tree_method"": ""hist"", ""verbosity"": 0}",study3_ab_fair_event_target_v1_financial18_exploratory
2013,A_new_candidate,,seed42_A2013_new_2008_to_2011,2008,2011,"2008,2009,2010,2011",14738,141,14597,141,14555,TomekLinks,42,"{""eval_metric"": ""auc"", ""objective"": ""binary:logistic"", ""random_state"": 42, ""seed"": 42, ""tree_method"": ""hist"", ""verbosity"": 0}",study3_ab_fair_event_target_v1_financial18_exploratory
2013,A_old_candidate,,seed42_A2013_old_to_2008,1999,2008,"1999,2000,2001,2002,2003,2004,2005,2006,2007,2008",45046,320,44726,320,44634,TomekLinks,42,"{""eval_metric"": ""auc"", ""objective"": ""binary:logistic"", ""random_state"": 42, ""seed"": 42, ""tree_method"": ""hist"", ""verbosity"": 0}",study3_ab_fair_event_target_v1_financial18_exploratory
2013,A_new_candidate,,seed42_A2013_new_2009_to_2011,2009,2011,"2009,2010,2011",10881,83,10798,83,10770,TomekLinks,42,"{""eval_metric"": ""auc"", ""objective"": ""binary:logistic"", ""random_state"": 42, ""seed"": 42, ""tree_method"": ""hist"", ""verbosity"": 0}",study3_ab_fair_event_target_v1_financial18_exploratory
2013,A_old_candidate,,seed42_A2013_old_to_2009,1999,2009,"1999,2000,2001,2002,2003,2004,2005,2006,2007,2008,2009",48789,343,48446,343,48348,TomekLinks,42,"{""eval_metric"": ""auc"", ""objective"": ""binary:logistic"", ""random_state"": 42, ""seed"": 42, ""tree_method"": ""hist"", ""verbosity"": 0}",study3_ab_fair_event_target_v1_financial18_exploratory
2013,A_new_candidate,,seed42_A2013_new_2010_to_2011,2010,2011,"2010,2011",7138,60,7078,60,7059,TomekLinks,42,"{""eval_metric"": ""auc"", ""objective"": ""binary:logistic"", ""random_state"": 42, ""seed"": 42, ""tree_method"": ""hist"", ""verbosity"": 0}",study3_ab_fair_event_target_v1_financial18_exploratory
2013,A_old_candidate,,seed42_A2013_old_to_2010,1999,2010,"1999,2000,2001,2002,2003,2004,2005,2006,2007,2008,2009,2010",52414,378,52036,378,51928,TomekLinks,42,"{""eval_metric"": ""auc"", ""objective"": ""binary:logistic"", ""random_state"": 42, ""seed"": 42, ""tree_method"": ""hist"", ""verbosity"": 0}",study3_ab_fair_event_target_v1_financial18_exploratory
2013,A_new_candidate,,seed42_A2013_new_2011_to_2011,2011,2011,2011,3513,25,3488,25,3479,TomekLinks,42,"{""eval_metric"": ""auc"", ""objective"": ""binary:logistic"", ""random_state"": 42, ""seed"": 42, ""tree_method"": ""hist"", ""verbosity"": 0}",study3_ab_fair_event_target_v1_financial18_exploratory
2013,FullHistory,,seed42_FullHistory_2013,1999,2011,"1999,2000,2001,2002,2003,2004,2005,2006,2007,2008,2009,2010,2011",55927,403,55524,403,55412,TomekLinks,42,"{""eval_metric"": ""auc"", ""objective"": ""binary:logistic"", ""random_state"": 42, ""seed"": 42, ""tree_method"": ""hist"", ""verbosity"": 0}",study3_ab_fair_event_target_v1_financial18_exploratory
2013,Recent1y,,seed42_Recent1y_2013,2011,2011,2011,3513,25,3488,25,3479,TomekLinks,42,"{""eval_metric"": ""auc"", ""objective"": ""binary:logistic"", ""random_state"": 42, ""seed"": 42, ""tree_method"": ""hist"", ""verbosity"": 0}",study3_ab_fair_event_target_v1_financial18_exploratory
2013,Recent5y,,seed42_Recent5y_2013,2007,2011,"2007,2008,2009,2010,2011",18747,200,18547,200,18492,TomekLinks,42,"{""eval_metric"": ""auc"", ""objective"": ""binary:logistic"", ""random_state"": 42, ""seed"": 42, ""tree_method"": ""hist"", ""verbosity"": 0}",study3_ab_fair_event_target_v1_financial18_exploratory
2014,B_model,retained,seed42_M2010,2008,2010,"2008,2009,2010",11225,116,11109,116,11077,TomekLinks,42,"{""eval_metric"": ""auc"", ""objective"": ""binary:logistic"", ""random_state"": 42, ""seed"": 42, ""tree_method"": ""hist"", ""verbosity"": 0}",study3_ab_fair_event_target_v1_financial18_exploratory
2014,B_model,retained,seed42_M2011,2009,2011,"2009,2010,2011",10881,83,10798,83,10770,TomekLinks,42,"{""eval_metric"": ""auc"", ""objective"": ""binary:logistic"", ""random_state"": 42, ""seed"": 42, ""tree_method"": ""hist"", ""verbosity"": 0}",study3_ab_fair_event_target_v1_financial18_exploratory
2014,B_model,added,seed42_M2012,2010,2012,"2010,2011,2012",10623,86,10537,86,10517,TomekLinks,42,"{""eval_metric"": ""auc"", ""objective"": ""binary:logistic"", ""random_state"": 42, ""seed"": 42, ""tree_method"": ""hist"", ""verbosity"": 0}",study3_ab_fair_event_target_v1_financial18_exploratory
2014,B_data_old,,seed42_Bdata_old_2014,2010,2011,"2010,2011",7138,60,7078,60,7059,TomekLinks,42,"{""eval_metric"": ""auc"", ""objective"": ""binary:logistic"", ""random_state"": 42, ""seed"": 42, ""tree_method"": ""hist"", ""verbosity"": 0}",study3_ab_fair_event_target_v1_financial18_exploratory
2014,B_data_new,,seed42_Bdata_new_2014,2012,2012,2012,3485,26,3459,26,3455,TomekLinks,42,"{""eval_metric"": ""auc"", ""objective"": ""binary:logistic"", ""random_state"": 42, ""seed"": 42, ""tree_method"": ""hist"", ""verbosity"": 0}",study3_ab_fair_event_target_v1_financial18_exploratory
2014,A_old_candidate,,seed42_A2014_old_to_2001,1999,2001,"1999,2000,2001",15431,20,15411,20,15404,TomekLinks,42,"{""eval_metric"": ""auc"", ""objective"": ""binary:logistic"", ""random_state"": 42, ""seed"": 42, ""tree_method"": ""hist"", ""verbosity"": 0}",study3_ab_fair_event_target_v1_financial18_exploratory
2014,A_new_candidate,,seed42_A2014_new_2002_to_2012,2002,2012,"2002,2003,2004,2005,2006,2007,2008,2009,2010,2011,2012",43981,409,43572,409,43447,TomekLinks,42,"{""eval_metric"": ""auc"", ""objective"": ""binary:logistic"", ""random_state"": 42, ""seed"": 42, ""tree_method"": ""hist"", ""verbosity"": 0}",study3_ab_fair_event_target_v1_financial18_exploratory
2014,A_old_candidate,,seed42_A2014_old_to_2002,1999,2002,"1999,2000,2001,2002",20082,37,20045,37,20033,TomekLinks,42,"{""eval_metric"": ""auc"", ""objective"": ""binary:logistic"", ""random_state"": 42, ""seed"": 42, ""tree_method"": ""hist"", ""verbosity"": 0}",study3_ab_fair_event_target_v1_financial18_exploratory
2014,A_new_candidate,,seed42_A2014_new_2003_to_2012,2003,2012,"2003,2004,2005,2006,2007,2008,2009,2010,2011,2012",39330,392,38938,392,38824,TomekLinks,42,"{""eval_metric"": ""auc"", ""objective"": ""binary:logistic"", ""random_state"": 42, ""seed"": 42, ""tree_method"": ""hist"", ""verbosity"": 0}",study3_ab_fair_event_target_v1_financial18_exploratory
2014,A_old_candidate,,seed42_A2014_old_to_2003,1999,2003,"1999,2000,2001,2002,2003",24499,66,24433,66,24410,TomekLinks,42,"{""eval_metric"": ""auc"", ""objective"": ""binary:logistic"", ""random_state"": 42, ""seed"": 42, ""tree_method"": ""hist"", ""verbosity"": 0}",study3_ab_fair_event_target_v1_financial18_exploratory
2014,A_new_candidate,,seed42_A2014_new_2004_to_2012,2004,2012,"2004,2005,2006,2007,2008,2009,2010,2011,2012",34913,363,34550,363,34451,TomekLinks,42,"{""eval_metric"": ""auc"", ""objective"": ""binary:logistic"", ""random_state"": 42, ""seed"": 42, ""tree_method"": ""hist"", ""verbosity"": 0}",study3_ab_fair_event_target_v1_financial18_exploratory
2014,A_old_candidate,,seed42_A2014_old_to_2004,1999,2004,"1999,2000,2001,2002,2003,2004",28847,112,28735,112,28705,TomekLinks,42,"{""eval_metric"": ""auc"", ""objective"": ""binary:logistic"", ""random_state"": 42, ""seed"": 42, ""tree_method"": ""hist"", ""verbosity"": 0}",study3_ab_fair_event_target_v1_financial18_exploratory
2014,A_new_candidate,,seed42_A2014_new_2005_to_2012,2005,2012,"2005,2006,2007,2008,2009,2010,2011,2012",30565,317,30248,317,30164,TomekLinks,42,"{""eval_metric"": ""auc"", ""objective"": ""binary:logistic"", ""random_state"": 42, ""seed"": 42, ""tree_method"": ""hist"", ""verbosity"": 0}",study3_ab_fair_event_target_v1_financial18_exploratory
2014,A_old_candidate,,seed42_A2014_old_to_2005,1999,2005,"1999,2000,2001,2002,2003,2004,2005",33052,152,32900,152,32854,TomekLinks,42,"{""eval_metric"": ""auc"", ""objective"": ""binary:logistic"", ""random_state"": 42, ""seed"": 42, ""tree_method"": ""hist"", ""verbosity"": 0}",study3_ab_fair_event_target_v1_financial18_exploratory
2014,A_new_candidate,,seed42_A2014_new_2006_to_2012,2006,2012,"2006,2007,2008,2009,2010,2011,2012",26360,277,26083,277,26009,TomekLinks,42,"{""eval_metric"": ""auc"", ""objective"": ""binary:logistic"", ""random_state"": 42, ""seed"": 42, ""tree_method"": ""hist"", ""verbosity"": 0}",study3_ab_fair_event_target_v1_financial18_exploratory
2014,A_old_candidate,,seed42_A2014_old_to_2006,1999,2006,"1999,2000,2001,2002,2003,2004,2005,2006",37180,203,36977,203,36915,TomekLinks,42,"{""eval_metric"": ""auc"", ""objective"": ""binary:logistic"", ""random_state"": 42, ""seed"": 42, ""tree_method"": ""hist"", ""verbosity"": 0}",study3_ab_fair_event_target_v1_financial18_exploratory
2014,A_new_candidate,,seed42_A2014_new_2007_to_2012,2007,2012,"2007,2008,2009,2010,2011,2012",22232,226,22006,226,21947,TomekLinks,42,"{""eval_metric"": ""auc"", ""objective"": ""binary:logistic"", ""random_state"": 42, ""seed"": 42, ""tree_method"": ""hist"", ""verbosity"": 0}",study3_ab_fair_event_target_v1_financial18_exploratory
2014,A_old_candidate,,seed42_A2014_old_to_2007,1999,2007,"1999,2000,2001,2002,2003,2004,2005,2006,2007",41189,262,40927,262,40854,TomekLinks,42,"{""eval_metric"": ""auc"", ""objective"": ""binary:logistic"", ""random_state"": 42, ""seed"": 42, ""tree_method"": ""hist"", ""verbosity"": 0}",study3_ab_fair_event_target_v1_financial18_exploratory
2014,A_new_candidate,,seed42_A2014_new_2008_to_2012,2008,2012,"2008,2009,2010,2011,2012",18223,167,18056,167,18014,TomekLinks,42,"{""eval_metric"": ""auc"", ""objective"": ""binary:logistic"", ""random_state"": 42, ""seed"": 42, ""tree_method"": ""hist"", ""verbosity"": 0}",study3_ab_fair_event_target_v1_financial18_exploratory
2014,A_old_candidate,,seed42_A2014_old_to_2008,1999,2008,"1999,2000,2001,2002,2003,2004,2005,2006,2007,2008",45046,320,44726,320,44634,TomekLinks,42,"{""eval_metric"": ""auc"", ""objective"": ""binary:logistic"", ""random_state"": 42, ""seed"": 42, ""tree_method"": ""hist"", ""verbosity"": 0}",study3_ab_fair_event_target_v1_financial18_exploratory
2014,A_new_candidate,,seed42_A2014_new_2009_to_2012,2009,2012,"2009,2010,2011,2012",14366,109,14257,109,14229,TomekLinks,42,"{""eval_metric"": ""auc"", ""objective"": ""binary:logistic"", ""random_state"": 42, ""seed"": 42, ""tree_method"": ""hist"", ""verbosity"": 0}",study3_ab_fair_event_target_v1_financial18_exploratory
2014,A_old_candidate,,seed42_A2014_old_to_2009,1999,2009,"1999,2000,2001,2002,2003,2004,2005,2006,2007,2008,2009",48789,343,48446,343,48348,TomekLinks,42,"{""eval_metric"": ""auc"", ""objective"": ""binary:logistic"", ""random_state"": 42, ""seed"": 42, ""tree_method"": ""hist"", ""verbosity"": 0}",study3_ab_fair_event_target_v1_financial18_exploratory
2014,A_new_candidate,,seed42_A2014_new_2010_to_2012,2010,2012,"2010,2011,2012",10623,86,10537,86,10517,TomekLinks,42,"{""eval_metric"": ""auc"", ""objective"": ""binary:logistic"", ""random_state"": 42, ""seed"": 42, ""tree_method"": ""hist"", ""verbosity"": 0}",study3_ab_fair_event_target_v1_financial18_exploratory
2014,A_old_candidate,,seed42_A2014_old_to_2010,1999,2010,"1999,2000,2001,2002,2003,2004,2005,2006,2007,2008,2009,2010",52414,378,52036,378,51928,TomekLinks,42,"{""eval_metric"": ""auc"", ""objective"": ""binary:logistic"", ""random_state"": 42, ""seed"": 42, ""tree_method"": ""hist"", ""verbosity"": 0}",study3_ab_fair_event_target_v1_financial18_exploratory
2014,A_new_candidate,,seed42_A2014_new_2011_to_2012,2011,2012,"2011,2012",6998,51,6947,51,6939,TomekLinks,42,"{""eval_metric"": ""auc"", ""objective"": ""binary:logistic"", ""random_state"": 42, ""seed"": 42, ""tree_method"": ""hist"", ""verbosity"": 0}",study3_ab_fair_event_target_v1_financial18_exploratory
2014,A_old_candidate,,seed42_A2014_old_to_2011,1999,2011,"1999,2000,2001,2002,2003,2004,2005,2006,2007,2008,2009,2010,2011",55927,403,55524,403,55412,TomekLinks,42,"{""eval_metric"": ""auc"", ""objective"": ""binary:logistic"", ""random_state"": 42, ""seed"": 42, ""tree_method"": ""hist"", ""verbosity"": 0}",study3_ab_fair_event_target_v1_financial18_exploratory
2014,A_new_candidate,,seed42_A2014_new_2012_to_2012,2012,2012,2012,3485,26,3459,26,3455,TomekLinks,42,"{""eval_metric"": ""auc"", ""objective"": ""binary:logistic"", ""random_state"": 42, ""seed"": 42, ""tree_method"": ""hist"", ""verbosity"": 0}",study3_ab_fair_event_target_v1_financial18_exploratory
2014,FullHistory,,seed42_FullHistory_2014,1999,2012,"1999,2000,2001,2002,2003,2004,2005,2006,2007,2008,2009,2010,2011,2012",59412,429,58983,429,58860,TomekLinks,42,"{""eval_metric"": ""auc"", ""objective"": ""binary:logistic"", ""random_state"": 42, ""seed"": 42, ""tree_method"": ""hist"", ""verbosity"": 0}",study3_ab_fair_event_target_v1_financial18_exploratory
2014,Recent1y,,seed42_Recent1y_2014,2012,2012,2012,3485,26,3459,26,3455,TomekLinks,42,"{""eval_metric"": ""auc"", ""objective"": ""binary:logistic"", ""random_state"": 42, ""seed"": 42, ""tree_method"": ""hist"", ""verbosity"": 0}",study3_ab_fair_event_target_v1_financial18_exploratory
2014,Recent5y,,seed42_Recent5y_2014,2008,2012,"2008,2009,2010,2011,2012",18223,167,18056,167,18014,TomekLinks,42,"{""eval_metric"": ""auc"", ""objective"": ""binary:logistic"", ""random_state"": 42, ""seed"": 42, ""tree_method"": ""hist"", ""verbosity"": 0}",study3_ab_fair_event_target_v1_financial18_exploratory
2015,B_model,retained,seed42_M2011,2009,2011,"2009,2010,2011",10881,83,10798,83,10770,TomekLinks,42,"{""eval_metric"": ""auc"", ""objective"": ""binary:logistic"", ""random_state"": 42, ""seed"": 42, ""tree_method"": ""hist"", ""verbosity"": 0}",study3_ab_fair_event_target_v1_financial18_exploratory
2015,B_model,retained,seed42_M2012,2010,2012,"2010,2011,2012",10623,86,10537,86,10517,TomekLinks,42,"{""eval_metric"": ""auc"", ""objective"": ""binary:logistic"", ""random_state"": 42, ""seed"": 42, ""tree_method"": ""hist"", ""verbosity"": 0}",study3_ab_fair_event_target_v1_financial18_exploratory
2015,B_model,added,seed42_M2013,2011,2013,"2011,2012,2013",10482,79,10403,79,10389,TomekLinks,42,"{""eval_metric"": ""auc"", ""objective"": ""binary:logistic"", ""random_state"": 42, ""seed"": 42, ""tree_method"": ""hist"", ""verbosity"": 0}",study3_ab_fair_event_target_v1_financial18_exploratory
2015,B_data_old,,seed42_Bdata_old_2015,2011,2012,"2011,2012",6998,51,6947,51,6939,TomekLinks,42,"{""eval_metric"": ""auc"", ""objective"": ""binary:logistic"", ""random_state"": 42, ""seed"": 42, ""tree_method"": ""hist"", ""verbosity"": 0}",study3_ab_fair_event_target_v1_financial18_exploratory
2015,B_data_new,,seed42_Bdata_new_2015,2013,2013,2013,3484,28,3456,28,3452,TomekLinks,42,"{""eval_metric"": ""auc"", ""objective"": ""binary:logistic"", ""random_state"": 42, ""seed"": 42, ""tree_method"": ""hist"", ""verbosity"": 0}",study3_ab_fair_event_target_v1_financial18_exploratory
2015,A_old_candidate,,seed42_A2015_old_to_2001,1999,2001,"1999,2000,2001",15431,20,15411,20,15404,TomekLinks,42,"{""eval_metric"": ""auc"", ""objective"": ""binary:logistic"", ""random_state"": 42, ""seed"": 42, ""tree_method"": ""hist"", ""verbosity"": 0}",study3_ab_fair_event_target_v1_financial18_exploratory
2015,A_new_candidate,,seed42_A2015_new_2002_to_2013,2002,2013,"2002,2003,2004,2005,2006,2007,2008,2009,2010,2011,2012,2013",47465,437,47028,437,46901,TomekLinks,42,"{""eval_metric"": ""auc"", ""objective"": ""binary:logistic"", ""random_state"": 42, ""seed"": 42, ""tree_method"": ""hist"", ""verbosity"": 0}",study3_ab_fair_event_target_v1_financial18_exploratory
2015,A_old_candidate,,seed42_A2015_old_to_2002,1999,2002,"1999,2000,2001,2002",20082,37,20045,37,20033,TomekLinks,42,"{""eval_metric"": ""auc"", ""objective"": ""binary:logistic"", ""random_state"": 42, ""seed"": 42, ""tree_method"": ""hist"", ""verbosity"": 0}",study3_ab_fair_event_target_v1_financial18_exploratory
2015,A_new_candidate,,seed42_A2015_new_2003_to_2013,2003,2013,"2003,2004,2005,2006,2007,2008,2009,2010,2011,2012,2013",42814,420,42394,420,42276,TomekLinks,42,"{""eval_metric"": ""auc"", ""objective"": ""binary:logistic"", ""random_state"": 42, ""seed"": 42, ""tree_method"": ""hist"", ""verbosity"": 0}",study3_ab_fair_event_target_v1_financial18_exploratory
2015,A_old_candidate,,seed42_A2015_old_to_2003,1999,2003,"1999,2000,2001,2002,2003",24499,66,24433,66,24410,TomekLinks,42,"{""eval_metric"": ""auc"", ""objective"": ""binary:logistic"", ""random_state"": 42, ""seed"": 42, ""tree_method"": ""hist"", ""verbosity"": 0}",study3_ab_fair_event_target_v1_financial18_exploratory
2015,A_new_candidate,,seed42_A2015_new_2004_to_2013,2004,2013,"2004,2005,2006,2007,2008,2009,2010,2011,2012,2013",38397,391,38006,391,37902,TomekLinks,42,"{""eval_metric"": ""auc"", ""objective"": ""binary:logistic"", ""random_state"": 42, ""seed"": 42, ""tree_method"": ""hist"", ""verbosity"": 0}",study3_ab_fair_event_target_v1_financial18_exploratory
2015,A_old_candidate,,seed42_A2015_old_to_2004,1999,2004,"1999,2000,2001,2002,2003,2004",28847,112,28735,112,28705,TomekLinks,42,"{""eval_metric"": ""auc"", ""objective"": ""binary:logistic"", ""random_state"": 42, ""seed"": 42, ""tree_method"": ""hist"", ""verbosity"": 0}",study3_ab_fair_event_target_v1_financial18_exploratory
2015,A_new_candidate,,seed42_A2015_new_2005_to_2013,2005,2013,"2005,2006,2007,2008,2009,2010,2011,2012,2013",34049,345,33704,345,33610,TomekLinks,42,"{""eval_metric"": ""auc"", ""objective"": ""binary:logistic"", ""random_state"": 42, ""seed"": 42, ""tree_method"": ""hist"", ""verbosity"": 0}",study3_ab_fair_event_target_v1_financial18_exploratory
2015,A_old_candidate,,seed42_A2015_old_to_2005,1999,2005,"1999,2000,2001,2002,2003,2004,2005",33052,152,32900,152,32854,TomekLinks,42,"{""eval_metric"": ""auc"", ""objective"": ""binary:logistic"", ""random_state"": 42, ""seed"": 42, ""tree_method"": ""hist"", ""verbosity"": 0}",study3_ab_fair_event_target_v1_financial18_exploratory
2015,A_new_candidate,,seed42_A2015_new_2006_to_2013,2006,2013,"2006,2007,2008,2009,2010,2011,2012,2013",29844,305,29539,305,29459,TomekLinks,42,"{""eval_metric"": ""auc"", ""objective"": ""binary:logistic"", ""random_state"": 42, ""seed"": 42, ""tree_method"": ""hist"", ""verbosity"": 0}",study3_ab_fair_event_target_v1_financial18_exploratory
2015,A_old_candidate,,seed42_A2015_old_to_2006,1999,2006,"1999,2000,2001,2002,2003,2004,2005,2006",37180,203,36977,203,36915,TomekLinks,42,"{""eval_metric"": ""auc"", ""objective"": ""binary:logistic"", ""random_state"": 42, ""seed"": 42, ""tree_method"": ""hist"", ""verbosity"": 0}",study3_ab_fair_event_target_v1_financial18_exploratory
2015,A_new_candidate,,seed42_A2015_new_2007_to_2013,2007,2013,"2007,2008,2009,2010,2011,2012,2013",25716,254,25462,254,25396,TomekLinks,42,"{""eval_metric"": ""auc"", ""objective"": ""binary:logistic"", ""random_state"": 42, ""seed"": 42, ""tree_method"": ""hist"", ""verbosity"": 0}",study3_ab_fair_event_target_v1_financial18_exploratory
2015,A_old_candidate,,seed42_A2015_old_to_2007,1999,2007,"1999,2000,2001,2002,2003,2004,2005,2006,2007",41189,262,40927,262,40854,TomekLinks,42,"{""eval_metric"": ""auc"", ""objective"": ""binary:logistic"", ""random_state"": 42, ""seed"": 42, ""tree_method"": ""hist"", ""verbosity"": 0}",study3_ab_fair_event_target_v1_financial18_exploratory
2015,A_new_candidate,,seed42_A2015_new_2008_to_2013,2008,2013,"2008,2009,2010,2011,2012,2013",21707,195,21512,195,21464,TomekLinks,42,"{""eval_metric"": ""auc"", ""objective"": ""binary:logistic"", ""random_state"": 42, ""seed"": 42, ""tree_method"": ""hist"", ""verbosity"": 0}",study3_ab_fair_event_target_v1_financial18_exploratory
2015,A_old_candidate,,seed42_A2015_old_to_2008,1999,2008,"1999,2000,2001,2002,2003,2004,2005,2006,2007,2008",45046,320,44726,320,44634,TomekLinks,42,"{""eval_metric"": ""auc"", ""objective"": ""binary:logistic"", ""random_state"": 42, ""seed"": 42, ""tree_method"": ""hist"", ""verbosity"": 0}",study3_ab_fair_event_target_v1_financial18_exploratory
2015,A_new_candidate,,seed42_A2015_new_2009_to_2013,2009,2013,"2009,2010,2011,2012,2013",17850,137,17713,137,17678,TomekLinks,42,"{""eval_metric"": ""auc"", ""objective"": ""binary:logistic"", ""random_state"": 42, ""seed"": 42, ""tree_method"": ""hist"", ""verbosity"": 0}",study3_ab_fair_event_target_v1_financial18_exploratory
2015,A_old_candidate,,seed42_A2015_old_to_2009,1999,2009,"1999,2000,2001,2002,2003,2004,2005,2006,2007,2008,2009",48789,343,48446,343,48348,TomekLinks,42,"{""eval_metric"": ""auc"", ""objective"": ""binary:logistic"", ""random_state"": 42, ""seed"": 42, ""tree_method"": ""hist"", ""verbosity"": 0}",study3_ab_fair_event_target_v1_financial18_exploratory
2015,A_new_candidate,,seed42_A2015_new_2010_to_2013,2010,2013,"2010,2011,2012,2013",14107,114,13993,114,13965,TomekLinks,42,"{""eval_metric"": ""auc"", ""objective"": ""binary:logistic"", ""random_state"": 42, ""seed"": 42, ""tree_method"": ""hist"", ""verbosity"": 0}",study3_ab_fair_event_target_v1_financial18_exploratory
2015,A_old_candidate,,seed42_A2015_old_to_2010,1999,2010,"1999,2000,2001,2002,2003,2004,2005,2006,2007,2008,2009,2010",52414,378,52036,378,51928,TomekLinks,42,"{""eval_metric"": ""auc"", ""objective"": ""binary:logistic"", ""random_state"": 42, ""seed"": 42, ""tree_method"": ""hist"", ""verbosity"": 0}",study3_ab_fair_event_target_v1_financial18_exploratory
2015,A_new_candidate,,seed42_A2015_new_2011_to_2013,2011,2013,"2011,2012,2013",10482,79,10403,79,10389,TomekLinks,42,"{""eval_metric"": ""auc"", ""objective"": ""binary:logistic"", ""random_state"": 42, ""seed"": 42, ""tree_method"": ""hist"", ""verbosity"": 0}",study3_ab_fair_event_target_v1_financial18_exploratory
2015,A_old_candidate,,seed42_A2015_old_to_2011,1999,2011,"1999,2000,2001,2002,2003,2004,2005,2006,2007,2008,2009,2010,2011",55927,403,55524,403,55412,TomekLinks,42,"{""eval_metric"": ""auc"", ""objective"": ""binary:logistic"", ""random_state"": 42, ""seed"": 42, ""tree_method"": ""hist"", ""verbosity"": 0}",study3_ab_fair_event_target_v1_financial18_exploratory
2015,A_new_candidate,,seed42_A2015_new_2012_to_2013,2012,2013,"2012,2013",6969,54,6915,54,6908,TomekLinks,42,"{""eval_metric"": ""auc"", ""objective"": ""binary:logistic"", ""random_state"": 42, ""seed"": 42, ""tree_method"": ""hist"", ""verbosity"": 0}",study3_ab_fair_event_target_v1_financial18_exploratory
2015,A_old_candidate,,seed42_A2015_old_to_2012,1999,2012,"1999,2000,2001,2002,2003,2004,2005,2006,2007,2008,2009,2010,2011,2012",59412,429,58983,429,58860,TomekLinks,42,"{""eval_metric"": ""auc"", ""objective"": ""binary:logistic"", ""random_state"": 42, ""seed"": 42, ""tree_method"": ""hist"", ""verbosity"": 0}",study3_ab_fair_event_target_v1_financial18_exploratory
2015,A_new_candidate,,seed42_A2015_new_2013_to_2013,2013,2013,2013,3484,28,3456,28,3452,TomekLinks,42,"{""eval_metric"": ""auc"", ""objective"": ""binary:logistic"", ""random_state"": 42, ""seed"": 42, ""tree_method"": ""hist"", ""verbosity"": 0}",study3_ab_fair_event_target_v1_financial18_exploratory
2015,FullHistory,,seed42_FullHistory_2015,1999,2013,"1999,2000,2001,2002,2003,2004,2005,2006,2007,2008,2009,2010,2011,2012,2013",62896,457,62439,457,62313,TomekLinks,42,"{""eval_metric"": ""auc"", ""objective"": ""binary:logistic"", ""random_state"": 42, ""seed"": 42, ""tree_method"": ""hist"", ""verbosity"": 0}",study3_ab_fair_event_target_v1_financial18_exploratory
2015,Recent1y,,seed42_Recent1y_2015,2013,2013,2013,3484,28,3456,28,3452,TomekLinks,42,"{""eval_metric"": ""auc"", ""objective"": ""binary:logistic"", ""random_state"": 42, ""seed"": 42, ""tree_method"": ""hist"", ""verbosity"": 0}",study3_ab_fair_event_target_v1_financial18_exploratory
2015,Recent5y,,seed42_Recent5y_2015,2009,2013,"2009,2010,2011,2012,2013",17850,137,17713,137,17678,TomekLinks,42,"{""eval_metric"": ""auc"", ""objective"": ""binary:logistic"", ""random_state"": 42, ""seed"": 42, ""tree_method"": ""hist"", ""verbosity"": 0}",study3_ab_fair_event_target_v1_financial18_exploratory
2016,B_model,retained,seed42_M2012,2010,2012,"2010,2011,2012",10623,86,10537,86,10517,TomekLinks,42,"{""eval_metric"": ""auc"", ""objective"": ""binary:logistic"", ""random_state"": 42, ""seed"": 42, ""tree_method"": ""hist"", ""verbosity"": 0}",study3_ab_fair_event_target_v1_financial18_exploratory
2016,B_model,retained,seed42_M2013,2011,2013,"2011,2012,2013",10482,79,10403,79,10389,TomekLinks,42,"{""eval_metric"": ""auc"", ""objective"": ""binary:logistic"", ""random_state"": 42, ""seed"": 42, ""tree_method"": ""hist"", ""verbosity"": 0}",study3_ab_fair_event_target_v1_financial18_exploratory
2016,B_model,added,seed42_M2014,2012,2014,"2012,2013,2014",10473,87,10386,87,10376,TomekLinks,42,"{""eval_metric"": ""auc"", ""objective"": ""binary:logistic"", ""random_state"": 42, ""seed"": 42, ""tree_method"": ""hist"", ""verbosity"": 0}",study3_ab_fair_event_target_v1_financial18_exploratory
2016,B_data_old,,seed42_Bdata_old_2016,2012,2013,"2012,2013",6969,54,6915,54,6908,TomekLinks,42,"{""eval_metric"": ""auc"", ""objective"": ""binary:logistic"", ""random_state"": 42, ""seed"": 42, ""tree_method"": ""hist"", ""verbosity"": 0}",study3_ab_fair_event_target_v1_financial18_exploratory
2016,B_data_new,,seed42_Bdata_new_2016,2014,2014,2014,3504,33,3471,33,3465,TomekLinks,42,"{""eval_metric"": ""auc"", ""objective"": ""binary:logistic"", ""random_state"": 42, ""seed"": 42, ""tree_method"": ""hist"", ""verbosity"": 0}",study3_ab_fair_event_target_v1_financial18_exploratory
2016,A_old_candidate,,seed42_A2016_old_to_2001,1999,2001,"1999,2000,2001",15431,20,15411,20,15404,TomekLinks,42,"{""eval_metric"": ""auc"", ""objective"": ""binary:logistic"", ""random_state"": 42, ""seed"": 42, ""tree_method"": ""hist"", ""verbosity"": 0}",study3_ab_fair_event_target_v1_financial18_exploratory
2016,A_new_candidate,,seed42_A2016_new_2002_to_2014,2002,2014,"2002,2003,2004,2005,2006,2007,2008,2009,2010,2011,2012,2013,2014",50969,470,50499,470,50364,TomekLinks,42,"{""eval_metric"": ""auc"", ""objective"": ""binary:logistic"", ""random_state"": 42, ""seed"": 42, ""tree_method"": ""hist"", ""verbosity"": 0}",study3_ab_fair_event_target_v1_financial18_exploratory
2016,A_old_candidate,,seed42_A2016_old_to_2002,1999,2002,"1999,2000,2001,2002",20082,37,20045,37,20033,TomekLinks,42,"{""eval_metric"": ""auc"", ""objective"": ""binary:logistic"", ""random_state"": 42, ""seed"": 42, ""tree_method"": ""hist"", ""verbosity"": 0}",study3_ab_fair_event_target_v1_financial18_exploratory
2016,A_new_candidate,,seed42_A2016_new_2003_to_2014,2003,2014,"2003,2004,2005,2006,2007,2008,2009,2010,2011,2012,2013,2014",46318,453,45865,453,45743,TomekLinks,42,"{""eval_metric"": ""auc"", ""objective"": ""binary:logistic"", ""random_state"": 42, ""seed"": 42, ""tree_method"": ""hist"", ""verbosity"": 0}",study3_ab_fair_event_target_v1_financial18_exploratory
2016,A_old_candidate,,seed42_A2016_old_to_2003,1999,2003,"1999,2000,2001,2002,2003",24499,66,24433,66,24410,TomekLinks,42,"{""eval_metric"": ""auc"", ""objective"": ""binary:logistic"", ""random_state"": 42, ""seed"": 42, ""tree_method"": ""hist"", ""verbosity"": 0}",study3_ab_fair_event_target_v1_financial18_exploratory
2016,A_new_candidate,,seed42_A2016_new_2004_to_2014,2004,2014,"2004,2005,2006,2007,2008,2009,2010,2011,2012,2013,2014",41901,424,41477,424,41366,TomekLinks,42,"{""eval_metric"": ""auc"", ""objective"": ""binary:logistic"", ""random_state"": 42, ""seed"": 42, ""tree_method"": ""hist"", ""verbosity"": 0}",study3_ab_fair_event_target_v1_financial18_exploratory
2016,A_old_candidate,,seed42_A2016_old_to_2004,1999,2004,"1999,2000,2001,2002,2003,2004",28847,112,28735,112,28705,TomekLinks,42,"{""eval_metric"": ""auc"", ""objective"": ""binary:logistic"", ""random_state"": 42, ""seed"": 42, ""tree_method"": ""hist"", ""verbosity"": 0}",study3_ab_fair_event_target_v1_financial18_exploratory
2016,A_new_candidate,,seed42_A2016_new_2005_to_2014,2005,2014,"2005,2006,2007,2008,2009,2010,2011,2012,2013,2014",37553,378,37175,378,37075,TomekLinks,42,"{""eval_metric"": ""auc"", ""objective"": ""binary:logistic"", ""random_state"": 42, ""seed"": 42, ""tree_method"": ""hist"", ""verbosity"": 0}",study3_ab_fair_event_target_v1_financial18_exploratory
2016,A_old_candidate,,seed42_A2016_old_to_2005,1999,2005,"1999,2000,2001,2002,2003,2004,2005",33052,152,32900,152,32854,TomekLinks,42,"{""eval_metric"": ""auc"", ""objective"": ""binary:logistic"", ""random_state"": 42, ""seed"": 42, ""tree_method"": ""hist"", ""verbosity"": 0}",study3_ab_fair_event_target_v1_financial18_exploratory
2016,A_new_candidate,,seed42_A2016_new_2006_to_2014,2006,2014,"2006,2007,2008,2009,2010,2011,2012,2013,2014",33348,338,33010,338,32924,TomekLinks,42,"{""eval_metric"": ""auc"", ""objective"": ""binary:logistic"", ""random_state"": 42, ""seed"": 42, ""tree_method"": ""hist"", ""verbosity"": 0}",study3_ab_fair_event_target_v1_financial18_exploratory
2016,A_old_candidate,,seed42_A2016_old_to_2006,1999,2006,"1999,2000,2001,2002,2003,2004,2005,2006",37180,203,36977,203,36915,TomekLinks,42,"{""eval_metric"": ""auc"", ""objective"": ""binary:logistic"", ""random_state"": 42, ""seed"": 42, ""tree_method"": ""hist"", ""verbosity"": 0}",study3_ab_fair_event_target_v1_financial18_exploratory
2016,A_new_candidate,,seed42_A2016_new_2007_to_2014,2007,2014,"2007,2008,2009,2010,2011,2012,2013,2014",29220,287,28933,287,28858,TomekLinks,42,"{""eval_metric"": ""auc"", ""objective"": ""binary:logistic"", ""random_state"": 42, ""seed"": 42, ""tree_method"": ""hist"", ""verbosity"": 0}",study3_ab_fair_event_target_v1_financial18_exploratory
2016,A_old_candidate,,seed42_A2016_old_to_2007,1999,2007,"1999,2000,2001,2002,2003,2004,2005,2006,2007",41189,262,40927,262,40854,TomekLinks,42,"{""eval_metric"": ""auc"", ""objective"": ""binary:logistic"", ""random_state"": 42, ""seed"": 42, ""tree_method"": ""hist"", ""verbosity"": 0}",study3_ab_fair_event_target_v1_financial18_exploratory
2016,A_new_candidate,,seed42_A2016_new_2008_to_2014,2008,2014,"2008,2009,2010,2011,2012,2013,2014",25211,228,24983,228,24924,TomekLinks,42,"{""eval_metric"": ""auc"", ""objective"": ""binary:logistic"", ""random_state"": 42, ""seed"": 42, ""tree_method"": ""hist"", ""verbosity"": 0}",study3_ab_fair_event_target_v1_financial18_exploratory
2016,A_old_candidate,,seed42_A2016_old_to_2008,1999,2008,"1999,2000,2001,2002,2003,2004,2005,2006,2007,2008",45046,320,44726,320,44634,TomekLinks,42,"{""eval_metric"": ""auc"", ""objective"": ""binary:logistic"", ""random_state"": 42, ""seed"": 42, ""tree_method"": ""hist"", ""verbosity"": 0}",study3_ab_fair_event_target_v1_financial18_exploratory
2016,A_new_candidate,,seed42_A2016_new_2009_to_2014,2009,2014,"2009,2010,2011,2012,2013,2014",21354,170,21184,170,21142,TomekLinks,42,"{""eval_metric"": ""auc"", ""objective"": ""binary:logistic"", ""random_state"": 42, ""seed"": 42, ""tree_method"": ""hist"", ""verbosity"": 0}",study3_ab_fair_event_target_v1_financial18_exploratory
2016,A_old_candidate,,seed42_A2016_old_to_2009,1999,2009,"1999,2000,2001,2002,2003,2004,2005,2006,2007,2008,2009",48789,343,48446,343,48348,TomekLinks,42,"{""eval_metric"": ""auc"", ""objective"": ""binary:logistic"", ""random_state"": 42, ""seed"": 42, ""tree_method"": ""hist"", ""verbosity"": 0}",study3_ab_fair_event_target_v1_financial18_exploratory
2016,A_new_candidate,,seed42_A2016_new_2010_to_2014,2010,2014,"2010,2011,2012,2013,2014",17611,147,17464,147,17434,TomekLinks,42,"{""eval_metric"": ""auc"", ""objective"": ""binary:logistic"", ""random_state"": 42, ""seed"": 42, ""tree_method"": ""hist"", ""verbosity"": 0}",study3_ab_fair_event_target_v1_financial18_exploratory
2016,A_old_candidate,,seed42_A2016_old_to_2010,1999,2010,"1999,2000,2001,2002,2003,2004,2005,2006,2007,2008,2009,2010",52414,378,52036,378,51928,TomekLinks,42,"{""eval_metric"": ""auc"", ""objective"": ""binary:logistic"", ""random_state"": 42, ""seed"": 42, ""tree_method"": ""hist"", ""verbosity"": 0}",study3_ab_fair_event_target_v1_financial18_exploratory
2016,A_new_candidate,,seed42_A2016_new_2011_to_2014,2011,2014,"2011,2012,2013,2014",13986,112,13874,112,13857,TomekLinks,42,"{""eval_metric"": ""auc"", ""objective"": ""binary:logistic"", ""random_state"": 42, ""seed"": 42, ""tree_method"": ""hist"", ""verbosity"": 0}",study3_ab_fair_event_target_v1_financial18_exploratory
2016,A_old_candidate,,seed42_A2016_old_to_2011,1999,2011,"1999,2000,2001,2002,2003,2004,2005,2006,2007,2008,2009,2010,2011",55927,403,55524,403,55412,TomekLinks,42,"{""eval_metric"": ""auc"", ""objective"": ""binary:logistic"", ""random_state"": 42, ""seed"": 42, ""tree_method"": ""hist"", ""verbosity"": 0}",study3_ab_fair_event_target_v1_financial18_exploratory
2016,A_new_candidate,,seed42_A2016_new_2012_to_2014,2012,2014,"2012,2013,2014",10473,87,10386,87,10376,TomekLinks,42,"{""eval_metric"": ""auc"", ""objective"": ""binary:logistic"", ""random_state"": 42, ""seed"": 42, ""tree_method"": ""hist"", ""verbosity"": 0}",study3_ab_fair_event_target_v1_financial18_exploratory
2016,A_old_candidate,,seed42_A2016_old_to_2012,1999,2012,"1999,2000,2001,2002,2003,2004,2005,2006,2007,2008,2009,2010,2011,2012",59412,429,58983,429,58860,TomekLinks,42,"{""eval_metric"": ""auc"", ""objective"": ""binary:logistic"", ""random_state"": 42, ""seed"": 42, ""tree_method"": ""hist"", ""verbosity"": 0}",study3_ab_fair_event_target_v1_financial18_exploratory
2016,A_new_candidate,,seed42_A2016_new_2013_to_2014,2013,2014,"2013,2014",6988,61,6927,61,6920,TomekLinks,42,"{""eval_metric"": ""auc"", ""objective"": ""binary:logistic"", ""random_state"": 42, ""seed"": 42, ""tree_method"": ""hist"", ""verbosity"": 0}",study3_ab_fair_event_target_v1_financial18_exploratory
2016,A_old_candidate,,seed42_A2016_old_to_2013,1999,2013,"1999,2000,2001,2002,2003,2004,2005,2006,2007,2008,2009,2010,2011,2012,2013",62896,457,62439,457,62313,TomekLinks,42,"{""eval_metric"": ""auc"", ""objective"": ""binary:logistic"", ""random_state"": 42, ""seed"": 42, ""tree_method"": ""hist"", ""verbosity"": 0}",study3_ab_fair_event_target_v1_financial18_exploratory
2016,A_new_candidate,,seed42_A2016_new_2014_to_2014,2014,2014,2014,3504,33,3471,33,3465,TomekLinks,42,"{""eval_metric"": ""auc"", ""objective"": ""binary:logistic"", ""random_state"": 42, ""seed"": 42, ""tree_method"": ""hist"", ""verbosity"": 0}",study3_ab_fair_event_target_v1_financial18_exploratory
2016,FullHistory,,seed42_FullHistory_2016,1999,2014,"1999,2000,2001,2002,2003,2004,2005,2006,2007,2008,2009,2010,2011,2012,2013,2014",66400,490,65910,490,65772,TomekLinks,42,"{""eval_metric"": ""auc"", ""objective"": ""binary:logistic"", ""random_state"": 42, ""seed"": 42, ""tree_method"": ""hist"", ""verbosity"": 0}",study3_ab_fair_event_target_v1_financial18_exploratory
2016,Recent1y,,seed42_Recent1y_2016,2014,2014,2014,3504,33,3471,33,3465,TomekLinks,42,"{""eval_metric"": ""auc"", ""objective"": ""binary:logistic"", ""random_state"": 42, ""seed"": 42, ""tree_method"": ""hist"", ""verbosity"": 0}",study3_ab_fair_event_target_v1_financial18_exploratory
2016,Recent5y,,seed42_Recent5y_2016,2010,2014,"2010,2011,2012,2013,2014",17611,147,17464,147,17434,TomekLinks,42,"{""eval_metric"": ""auc"", ""objective"": ""binary:logistic"", ""random_state"": 42, ""seed"": 42, ""tree_method"": ""hist"", ""verbosity"": 0}",study3_ab_fair_event_target_v1_financial18_exploratory
2017,B_model,retained,seed42_M2013,2011,2013,"2011,2012,2013",10482,79,10403,79,10389,TomekLinks,42,"{""eval_metric"": ""auc"", ""objective"": ""binary:logistic"", ""random_state"": 42, ""seed"": 42, ""tree_method"": ""hist"", ""verbosity"": 0}",study3_ab_fair_event_target_v1_financial18_exploratory
2017,B_model,retained,seed42_M2014,2012,2014,"2012,2013,2014",10473,87,10386,87,10376,TomekLinks,42,"{""eval_metric"": ""auc"", ""objective"": ""binary:logistic"", ""random_state"": 42, ""seed"": 42, ""tree_method"": ""hist"", ""verbosity"": 0}",study3_ab_fair_event_target_v1_financial18_exploratory
2017,B_model,added,seed42_M2015,2013,2015,"2013,2014,2015",10342,94,10248,94,10229,TomekLinks,42,"{""eval_metric"": ""auc"", ""objective"": ""binary:logistic"", ""random_state"": 42, ""seed"": 42, ""tree_method"": ""hist"", ""verbosity"": 0}",study3_ab_fair_event_target_v1_financial18_exploratory
2017,B_data_old,,seed42_Bdata_old_2017,2013,2014,"2013,2014",6988,61,6927,61,6920,TomekLinks,42,"{""eval_metric"": ""auc"", ""objective"": ""binary:logistic"", ""random_state"": 42, ""seed"": 42, ""tree_method"": ""hist"", ""verbosity"": 0}",study3_ab_fair_event_target_v1_financial18_exploratory
2017,B_data_new,,seed42_Bdata_new_2017,2015,2015,2015,3354,33,3321,33,3316,TomekLinks,42,"{""eval_metric"": ""auc"", ""objective"": ""binary:logistic"", ""random_state"": 42, ""seed"": 42, ""tree_method"": ""hist"", ""verbosity"": 0}",study3_ab_fair_event_target_v1_financial18_exploratory
2017,A_old_candidate,,seed42_A2017_old_to_2001,1999,2001,"1999,2000,2001",15431,20,15411,20,15404,TomekLinks,42,"{""eval_metric"": ""auc"", ""objective"": ""binary:logistic"", ""random_state"": 42, ""seed"": 42, ""tree_method"": ""hist"", ""verbosity"": 0}",study3_ab_fair_event_target_v1_financial18_exploratory
2017,A_new_candidate,,seed42_A2017_new_2002_to_2015,2002,2015,"2002,2003,2004,2005,2006,2007,2008,2009,2010,2011,2012,2013,2014,2015",54323,503,53820,503,53682,TomekLinks,42,"{""eval_metric"": ""auc"", ""objective"": ""binary:logistic"", ""random_state"": 42, ""seed"": 42, ""tree_method"": ""hist"", ""verbosity"": 0}",study3_ab_fair_event_target_v1_financial18_exploratory
2017,A_old_candidate,,seed42_A2017_old_to_2002,1999,2002,"1999,2000,2001,2002",20082,37,20045,37,20033,TomekLinks,42,"{""eval_metric"": ""auc"", ""objective"": ""binary:logistic"", ""random_state"": 42, ""seed"": 42, ""tree_method"": ""hist"", ""verbosity"": 0}",study3_ab_fair_event_target_v1_financial18_exploratory
2017,A_new_candidate,,seed42_A2017_new_2003_to_2015,2003,2015,"2003,2004,2005,2006,2007,2008,2009,2010,2011,2012,2013,2014,2015",49672,486,49186,486,49053,TomekLinks,42,"{""eval_metric"": ""auc"", ""objective"": ""binary:logistic"", ""random_state"": 42, ""seed"": 42, ""tree_method"": ""hist"", ""verbosity"": 0}",study3_ab_fair_event_target_v1_financial18_exploratory
2017,A_old_candidate,,seed42_A2017_old_to_2003,1999,2003,"1999,2000,2001,2002,2003",24499,66,24433,66,24410,TomekLinks,42,"{""eval_metric"": ""auc"", ""objective"": ""binary:logistic"", ""random_state"": 42, ""seed"": 42, ""tree_method"": ""hist"", ""verbosity"": 0}",study3_ab_fair_event_target_v1_financial18_exploratory
2017,A_new_candidate,,seed42_A2017_new_2004_to_2015,2004,2015,"2004,2005,2006,2007,2008,2009,2010,2011,2012,2013,2014,2015",45255,457,44798,457,44678,TomekLinks,42,"{""eval_metric"": ""auc"", ""objective"": ""binary:logistic"", ""random_state"": 42, ""seed"": 42, ""tree_method"": ""hist"", ""verbosity"": 0}",study3_ab_fair_event_target_v1_financial18_exploratory
2017,A_old_candidate,,seed42_A2017_old_to_2004,1999,2004,"1999,2000,2001,2002,2003,2004",28847,112,28735,112,28705,TomekLinks,42,"{""eval_metric"": ""auc"", ""objective"": ""binary:logistic"", ""random_state"": 42, ""seed"": 42, ""tree_method"": ""hist"", ""verbosity"": 0}",study3_ab_fair_event_target_v1_financial18_exploratory
2017,A_new_candidate,,seed42_A2017_new_2005_to_2015,2005,2015,"2005,2006,2007,2008,2009,2010,2011,2012,2013,2014,2015",40907,411,40496,411,40389,TomekLinks,42,"{""eval_metric"": ""auc"", ""objective"": ""binary:logistic"", ""random_state"": 42, ""seed"": 42, ""tree_method"": ""hist"", ""verbosity"": 0}",study3_ab_fair_event_target_v1_financial18_exploratory
2017,A_old_candidate,,seed42_A2017_old_to_2005,1999,2005,"1999,2000,2001,2002,2003,2004,2005",33052,152,32900,152,32854,TomekLinks,42,"{""eval_metric"": ""auc"", ""objective"": ""binary:logistic"", ""random_state"": 42, ""seed"": 42, ""tree_method"": ""hist"", ""verbosity"": 0}",study3_ab_fair_event_target_v1_financial18_exploratory
2017,A_new_candidate,,seed42_A2017_new_2006_to_2015,2006,2015,"2006,2007,2008,2009,2010,2011,2012,2013,2014,2015",36702,371,36331,371,36242,TomekLinks,42,"{""eval_metric"": ""auc"", ""objective"": ""binary:logistic"", ""random_state"": 42, ""seed"": 42, ""tree_method"": ""hist"", ""verbosity"": 0}",study3_ab_fair_event_target_v1_financial18_exploratory
2017,A_old_candidate,,seed42_A2017_old_to_2006,1999,2006,"1999,2000,2001,2002,2003,2004,2005,2006",37180,203,36977,203,36915,TomekLinks,42,"{""eval_metric"": ""auc"", ""objective"": ""binary:logistic"", ""random_state"": 42, ""seed"": 42, ""tree_method"": ""hist"", ""verbosity"": 0}",study3_ab_fair_event_target_v1_financial18_exploratory
2017,A_new_candidate,,seed42_A2017_new_2007_to_2015,2007,2015,"2007,2008,2009,2010,2011,2012,2013,2014,2015",32574,320,32254,320,32177,TomekLinks,42,"{""eval_metric"": ""auc"", ""objective"": ""binary:logistic"", ""random_state"": 42, ""seed"": 42, ""tree_method"": ""hist"", ""verbosity"": 0}",study3_ab_fair_event_target_v1_financial18_exploratory
2017,A_old_candidate,,seed42_A2017_old_to_2007,1999,2007,"1999,2000,2001,2002,2003,2004,2005,2006,2007",41189,262,40927,262,40854,TomekLinks,42,"{""eval_metric"": ""auc"", ""objective"": ""binary:logistic"", ""random_state"": 42, ""seed"": 42, ""tree_method"": ""hist"", ""verbosity"": 0}",study3_ab_fair_event_target_v1_financial18_exploratory
2017,A_new_candidate,,seed42_A2017_new_2008_to_2015,2008,2015,"2008,2009,2010,2011,2012,2013,2014,2015",28565,261,28304,261,28248,TomekLinks,42,"{""eval_metric"": ""auc"", ""objective"": ""binary:logistic"", ""random_state"": 42, ""seed"": 42, ""tree_method"": ""hist"", ""verbosity"": 0}",study3_ab_fair_event_target_v1_financial18_exploratory
2017,A_old_candidate,,seed42_A2017_old_to_2008,1999,2008,"1999,2000,2001,2002,2003,2004,2005,2006,2007,2008",45046,320,44726,320,44634,TomekLinks,42,"{""eval_metric"": ""auc"", ""objective"": ""binary:logistic"", ""random_state"": 42, ""seed"": 42, ""tree_method"": ""hist"", ""verbosity"": 0}",study3_ab_fair_event_target_v1_financial18_exploratory
2017,A_new_candidate,,seed42_A2017_new_2009_to_2015,2009,2015,"2009,2010,2011,2012,2013,2014,2015",24708,203,24505,203,24461,TomekLinks,42,"{""eval_metric"": ""auc"", ""objective"": ""binary:logistic"", ""random_state"": 42, ""seed"": 42, ""tree_method"": ""hist"", ""verbosity"": 0}",study3_ab_fair_event_target_v1_financial18_exploratory
2017,A_old_candidate,,seed42_A2017_old_to_2009,1999,2009,"1999,2000,2001,2002,2003,2004,2005,2006,2007,2008,2009",48789,343,48446,343,48348,TomekLinks,42,"{""eval_metric"": ""auc"", ""objective"": ""binary:logistic"", ""random_state"": 42, ""seed"": 42, ""tree_method"": ""hist"", ""verbosity"": 0}",study3_ab_fair_event_target_v1_financial18_exploratory
2017,A_new_candidate,,seed42_A2017_new_2010_to_2015,2010,2015,"2010,2011,2012,2013,2014,2015",20965,180,20785,180,20749,TomekLinks,42,"{""eval_metric"": ""auc"", ""objective"": ""binary:logistic"", ""random_state"": 42, ""seed"": 42, ""tree_method"": ""hist"", ""verbosity"": 0}",study3_ab_fair_event_target_v1_financial18_exploratory
2017,A_old_candidate,,seed42_A2017_old_to_2010,1999,2010,"1999,2000,2001,2002,2003,2004,2005,2006,2007,2008,2009,2010",52414,378,52036,378,51928,TomekLinks,42,"{""eval_metric"": ""auc"", ""objective"": ""binary:logistic"", ""random_state"": 42, ""seed"": 42, ""tree_method"": ""hist"", ""verbosity"": 0}",study3_ab_fair_event_target_v1_financial18_exploratory
2017,A_new_candidate,,seed42_A2017_new_2011_to_2015,2011,2015,"2011,2012,2013,2014,2015",17340,145,17195,145,17169,TomekLinks,42,"{""eval_metric"": ""auc"", ""objective"": ""binary:logistic"", ""random_state"": 42, ""seed"": 42, ""tree_method"": ""hist"", ""verbosity"": 0}",study3_ab_fair_event_target_v1_financial18_exploratory
2017,A_old_candidate,,seed42_A2017_old_to_2011,1999,2011,"1999,2000,2001,2002,2003,2004,2005,2006,2007,2008,2009,2010,2011",55927,403,55524,403,55412,TomekLinks,42,"{""eval_metric"": ""auc"", ""objective"": ""binary:logistic"", ""random_state"": 42, ""seed"": 42, ""tree_method"": ""hist"", ""verbosity"": 0}",study3_ab_fair_event_target_v1_financial18_exploratory
2017,A_new_candidate,,seed42_A2017_new_2012_to_2015,2012,2015,"2012,2013,2014,2015",13827,120,13707,120,13682,TomekLinks,42,"{""eval_metric"": ""auc"", ""objective"": ""binary:logistic"", ""random_state"": 42, ""seed"": 42, ""tree_method"": ""hist"", ""verbosity"": 0}",study3_ab_fair_event_target_v1_financial18_exploratory
2017,A_old_candidate,,seed42_A2017_old_to_2012,1999,2012,"1999,2000,2001,2002,2003,2004,2005,2006,2007,2008,2009,2010,2011,2012",59412,429,58983,429,58860,TomekLinks,42,"{""eval_metric"": ""auc"", ""objective"": ""binary:logistic"", ""random_state"": 42, ""seed"": 42, ""tree_method"": ""hist"", ""verbosity"": 0}",study3_ab_fair_event_target_v1_financial18_exploratory
2017,A_new_candidate,,seed42_A2017_new_2013_to_2015,2013,2015,"2013,2014,2015",10342,94,10248,94,10229,TomekLinks,42,"{""eval_metric"": ""auc"", ""objective"": ""binary:logistic"", ""random_state"": 42, ""seed"": 42, ""tree_method"": ""hist"", ""verbosity"": 0}",study3_ab_fair_event_target_v1_financial18_exploratory
2017,A_old_candidate,,seed42_A2017_old_to_2013,1999,2013,"1999,2000,2001,2002,2003,2004,2005,2006,2007,2008,2009,2010,2011,2012,2013",62896,457,62439,457,62313,TomekLinks,42,"{""eval_metric"": ""auc"", ""objective"": ""binary:logistic"", ""random_state"": 42, ""seed"": 42, ""tree_method"": ""hist"", ""verbosity"": 0}",study3_ab_fair_event_target_v1_financial18_exploratory
2017,A_new_candidate,,seed42_A2017_new_2014_to_2015,2014,2015,"2014,2015",6858,66,6792,66,6779,TomekLinks,42,"{""eval_metric"": ""auc"", ""objective"": ""binary:logistic"", ""random_state"": 42, ""seed"": 42, ""tree_method"": ""hist"", ""verbosity"": 0}",study3_ab_fair_event_target_v1_financial18_exploratory
2017,A_old_candidate,,seed42_A2017_old_to_2014,1999,2014,"1999,2000,2001,2002,2003,2004,2005,2006,2007,2008,2009,2010,2011,2012,2013,2014",66400,490,65910,490,65772,TomekLinks,42,"{""eval_metric"": ""auc"", ""objective"": ""binary:logistic"", ""random_state"": 42, ""seed"": 42, ""tree_method"": ""hist"", ""verbosity"": 0}",study3_ab_fair_event_target_v1_financial18_exploratory
2017,A_new_candidate,,seed42_A2017_new_2015_to_2015,2015,2015,2015,3354,33,3321,33,3316,TomekLinks,42,"{""eval_metric"": ""auc"", ""objective"": ""binary:logistic"", ""random_state"": 42, ""seed"": 42, ""tree_method"": ""hist"", ""verbosity"": 0}",study3_ab_fair_event_target_v1_financial18_exploratory
2017,FullHistory,,seed42_FullHistory_2017,1999,2015,"1999,2000,2001,2002,2003,2004,2005,2006,2007,2008,2009,2010,2011,2012,2013,2014,2015",69754,523,69231,523,69083,TomekLinks,42,"{""eval_metric"": ""auc"", ""objective"": ""binary:logistic"", ""random_state"": 42, ""seed"": 42, ""tree_method"": ""hist"", ""verbosity"": 0}",study3_ab_fair_event_target_v1_financial18_exploratory
2017,Recent1y,,seed42_Recent1y_2017,2015,2015,2015,3354,33,3321,33,3316,TomekLinks,42,"{""eval_metric"": ""auc"", ""objective"": ""binary:logistic"", ""random_state"": 42, ""seed"": 42, ""tree_method"": ""hist"", ""verbosity"": 0}",study3_ab_fair_event_target_v1_financial18_exploratory
2017,Recent5y,,seed42_Recent5y_2017,2011,2015,"2011,2012,2013,2014,2015",17340,145,17195,145,17169,TomekLinks,42,"{""eval_metric"": ""auc"", ""objective"": ""binary:logistic"", ""random_state"": 42, ""seed"": 42, ""tree_method"": ""hist"", ""verbosity"": 0}",study3_ab_fair_event_target_v1_financial18_exploratory
2018,B_model,retained,seed42_M2014,2012,2014,"2012,2013,2014",10473,87,10386,87,10376,TomekLinks,42,"{""eval_metric"": ""auc"", ""objective"": ""binary:logistic"", ""random_state"": 42, ""seed"": 42, ""tree_method"": ""hist"", ""verbosity"": 0}",study3_ab_fair_event_target_v1_financial18_exploratory
2018,B_model,retained,seed42_M2015,2013,2015,"2013,2014,2015",10342,94,10248,94,10229,TomekLinks,42,"{""eval_metric"": ""auc"", ""objective"": ""binary:logistic"", ""random_state"": 42, ""seed"": 42, ""tree_method"": ""hist"", ""verbosity"": 0}",study3_ab_fair_event_target_v1_financial18_exploratory
2018,B_model,added,seed42_M2016,2014,2016,"2014,2015,2016",10049,95,9954,95,9935,TomekLinks,42,"{""eval_metric"": ""auc"", ""objective"": ""binary:logistic"", ""random_state"": 42, ""seed"": 42, ""tree_method"": ""hist"", ""verbosity"": 0}",study3_ab_fair_event_target_v1_financial18_exploratory
2018,B_data_old,,seed42_Bdata_old_2018,2014,2015,"2014,2015",6858,66,6792,66,6779,TomekLinks,42,"{""eval_metric"": ""auc"", ""objective"": ""binary:logistic"", ""random_state"": 42, ""seed"": 42, ""tree_method"": ""hist"", ""verbosity"": 0}",study3_ab_fair_event_target_v1_financial18_exploratory
2018,B_data_new,,seed42_Bdata_new_2018,2016,2016,2016,3191,29,3162,29,3156,TomekLinks,42,"{""eval_metric"": ""auc"", ""objective"": ""binary:logistic"", ""random_state"": 42, ""seed"": 42, ""tree_method"": ""hist"", ""verbosity"": 0}",study3_ab_fair_event_target_v1_financial18_exploratory
2018,A_old_candidate,,seed42_A2018_old_to_2001,1999,2001,"1999,2000,2001",15431,20,15411,20,15404,TomekLinks,42,"{""eval_metric"": ""auc"", ""objective"": ""binary:logistic"", ""random_state"": 42, ""seed"": 42, ""tree_method"": ""hist"", ""verbosity"": 0}",study3_ab_fair_event_target_v1_financial18_exploratory
2018,A_new_candidate,,seed42_A2018_new_2002_to_2016,2002,2016,"2002,2003,2004,2005,2006,2007,2008,2009,2010,2011,2012,2013,2014,2015,2016",57514,532,56982,532,56836,TomekLinks,42,"{""eval_metric"": ""auc"", ""objective"": ""binary:logistic"", ""random_state"": 42, ""seed"": 42, ""tree_method"": ""hist"", ""verbosity"": 0}",study3_ab_fair_event_target_v1_financial18_exploratory
2018,A_old_candidate,,seed42_A2018_old_to_2002,1999,2002,"1999,2000,2001,2002",20082,37,20045,37,20033,TomekLinks,42,"{""eval_metric"": ""auc"", ""objective"": ""binary:logistic"", ""random_state"": 42, ""seed"": 42, ""tree_method"": ""hist"", ""verbosity"": 0}",study3_ab_fair_event_target_v1_financial18_exploratory
2018,A_new_candidate,,seed42_A2018_new_2003_to_2016,2003,2016,"2003,2004,2005,2006,2007,2008,2009,2010,2011,2012,2013,2014,2015,2016",52863,515,52348,515,52205,TomekLinks,42,"{""eval_metric"": ""auc"", ""objective"": ""binary:logistic"", ""random_state"": 42, ""seed"": 42, ""tree_method"": ""hist"", ""verbosity"": 0}",study3_ab_fair_event_target_v1_financial18_exploratory
2018,A_old_candidate,,seed42_A2018_old_to_2003,1999,2003,"1999,2000,2001,2002,2003",24499,66,24433,66,24410,TomekLinks,42,"{""eval_metric"": ""auc"", ""objective"": ""binary:logistic"", ""random_state"": 42, ""seed"": 42, ""tree_method"": ""hist"", ""verbosity"": 0}",study3_ab_fair_event_target_v1_financial18_exploratory
2018,A_new_candidate,,seed42_A2018_new_2004_to_2016,2004,2016,"2004,2005,2006,2007,2008,2009,2010,2011,2012,2013,2014,2015,2016",48446,486,47960,486,47830,TomekLinks,42,"{""eval_metric"": ""auc"", ""objective"": ""binary:logistic"", ""random_state"": 42, ""seed"": 42, ""tree_method"": ""hist"", ""verbosity"": 0}",study3_ab_fair_event_target_v1_financial18_exploratory
2018,A_old_candidate,,seed42_A2018_old_to_2004,1999,2004,"1999,2000,2001,2002,2003,2004",28847,112,28735,112,28705,TomekLinks,42,"{""eval_metric"": ""auc"", ""objective"": ""binary:logistic"", ""random_state"": 42, ""seed"": 42, ""tree_method"": ""hist"", ""verbosity"": 0}",study3_ab_fair_event_target_v1_financial18_exploratory
2018,A_new_candidate,,seed42_A2018_new_2005_to_2016,2005,2016,"2005,2006,2007,2008,2009,2010,2011,2012,2013,2014,2015,2016",44098,440,43658,440,43542,TomekLinks,42,"{""eval_metric"": ""auc"", ""objective"": ""binary:logistic"", ""random_state"": 42, ""seed"": 42, ""tree_method"": ""hist"", ""verbosity"": 0}",study3_ab_fair_event_target_v1_financial18_exploratory
2018,A_old_candidate,,seed42_A2018_old_to_2005,1999,2005,"1999,2000,2001,2002,2003,2004,2005",33052,152,32900,152,32854,TomekLinks,42,"{""eval_metric"": ""auc"", ""objective"": ""binary:logistic"", ""random_state"": 42, ""seed"": 42, ""tree_method"": ""hist"", ""verbosity"": 0}",study3_ab_fair_event_target_v1_financial18_exploratory
2018,A_new_candidate,,seed42_A2018_new_2006_to_2016,2006,2016,"2006,2007,2008,2009,2010,2011,2012,2013,2014,2015,2016",39893,400,39493,400,39395,TomekLinks,42,"{""eval_metric"": ""auc"", ""objective"": ""binary:logistic"", ""random_state"": 42, ""seed"": 42, ""tree_method"": ""hist"", ""verbosity"": 0}",study3_ab_fair_event_target_v1_financial18_exploratory
2018,A_old_candidate,,seed42_A2018_old_to_2006,1999,2006,"1999,2000,2001,2002,2003,2004,2005,2006",37180,203,36977,203,36915,TomekLinks,42,"{""eval_metric"": ""auc"", ""objective"": ""binary:logistic"", ""random_state"": 42, ""seed"": 42, ""tree_method"": ""hist"", ""verbosity"": 0}",study3_ab_fair_event_target_v1_financial18_exploratory
2018,A_new_candidate,,seed42_A2018_new_2007_to_2016,2007,2016,"2007,2008,2009,2010,2011,2012,2013,2014,2015,2016",35765,349,35416,349,35327,TomekLinks,42,"{""eval_metric"": ""auc"", ""objective"": ""binary:logistic"", ""random_state"": 42, ""seed"": 42, ""tree_method"": ""hist"", ""verbosity"": 0}",study3_ab_fair_event_target_v1_financial18_exploratory
2018,A_old_candidate,,seed42_A2018_old_to_2007,1999,2007,"1999,2000,2001,2002,2003,2004,2005,2006,2007",41189,262,40927,262,40854,TomekLinks,42,"{""eval_metric"": ""auc"", ""objective"": ""binary:logistic"", ""random_state"": 42, ""seed"": 42, ""tree_method"": ""hist"", ""verbosity"": 0}",study3_ab_fair_event_target_v1_financial18_exploratory
2018,A_new_candidate,,seed42_A2018_new_2008_to_2016,2008,2016,"2008,2009,2010,2011,2012,2013,2014,2015,2016",31756,290,31466,290,31396,TomekLinks,42,"{""eval_metric"": ""auc"", ""objective"": ""binary:logistic"", ""random_state"": 42, ""seed"": 42, ""tree_method"": ""hist"", ""verbosity"": 0}",study3_ab_fair_event_target_v1_financial18_exploratory
2018,A_old_candidate,,seed42_A2018_old_to_2008,1999,2008,"1999,2000,2001,2002,2003,2004,2005,2006,2007,2008",45046,320,44726,320,44634,TomekLinks,42,"{""eval_metric"": ""auc"", ""objective"": ""binary:logistic"", ""random_state"": 42, ""seed"": 42, ""tree_method"": ""hist"", ""verbosity"": 0}",study3_ab_fair_event_target_v1_financial18_exploratory
2018,A_new_candidate,,seed42_A2018_new_2009_to_2016,2009,2016,"2009,2010,2011,2012,2013,2014,2015,2016",27899,232,27667,232,27611,TomekLinks,42,"{""eval_metric"": ""auc"", ""objective"": ""binary:logistic"", ""random_state"": 42, ""seed"": 42, ""tree_method"": ""hist"", ""verbosity"": 0}",study3_ab_fair_event_target_v1_financial18_exploratory
2018,A_old_candidate,,seed42_A2018_old_to_2009,1999,2009,"1999,2000,2001,2002,2003,2004,2005,2006,2007,2008,2009",48789,343,48446,343,48348,TomekLinks,42,"{""eval_metric"": ""auc"", ""objective"": ""binary:logistic"", ""random_state"": 42, ""seed"": 42, ""tree_method"": ""hist"", ""verbosity"": 0}",study3_ab_fair_event_target_v1_financial18_exploratory
2018,A_new_candidate,,seed42_A2018_new_2010_to_2016,2010,2016,"2010,2011,2012,2013,2014,2015,2016",24156,209,23947,209,23896,TomekLinks,42,"{""eval_metric"": ""auc"", ""objective"": ""binary:logistic"", ""random_state"": 42, ""seed"": 42, ""tree_method"": ""hist"", ""verbosity"": 0}",study3_ab_fair_event_target_v1_financial18_exploratory
2018,A_old_candidate,,seed42_A2018_old_to_2010,1999,2010,"1999,2000,2001,2002,2003,2004,2005,2006,2007,2008,2009,2010",52414,378,52036,378,51928,TomekLinks,42,"{""eval_metric"": ""auc"", ""objective"": ""binary:logistic"", ""random_state"": 42, ""seed"": 42, ""tree_method"": ""hist"", ""verbosity"": 0}",study3_ab_fair_event_target_v1_financial18_exploratory
2018,A_new_candidate,,seed42_A2018_new_2011_to_2016,2011,2016,"2011,2012,2013,2014,2015,2016",20531,174,20357,174,20316,TomekLinks,42,"{""eval_metric"": ""auc"", ""objective"": ""binary:logistic"", ""random_state"": 42, ""seed"": 42, ""tree_method"": ""hist"", ""verbosity"": 0}",study3_ab_fair_event_target_v1_financial18_exploratory
2018,A_old_candidate,,seed42_A2018_old_to_2011,1999,2011,"1999,2000,2001,2002,2003,2004,2005,2006,2007,2008,2009,2010,2011",55927,403,55524,403,55412,TomekLinks,42,"{""eval_metric"": ""auc"", ""objective"": ""binary:logistic"", ""random_state"": 42, ""seed"": 42, ""tree_method"": ""hist"", ""verbosity"": 0}",study3_ab_fair_event_target_v1_financial18_exploratory
2018,A_new_candidate,,seed42_A2018_new_2012_to_2016,2012,2016,"2012,2013,2014,2015,2016",17018,149,16869,149,16834,TomekLinks,42,"{""eval_metric"": ""auc"", ""objective"": ""binary:logistic"", ""random_state"": 42, ""seed"": 42, ""tree_method"": ""hist"", ""verbosity"": 0}",study3_ab_fair_event_target_v1_financial18_exploratory
2018,A_old_candidate,,seed42_A2018_old_to_2012,1999,2012,"1999,2000,2001,2002,2003,2004,2005,2006,2007,2008,2009,2010,2011,2012",59412,429,58983,429,58860,TomekLinks,42,"{""eval_metric"": ""auc"", ""objective"": ""binary:logistic"", ""random_state"": 42, ""seed"": 42, ""tree_method"": ""hist"", ""verbosity"": 0}",study3_ab_fair_event_target_v1_financial18_exploratory
2018,A_new_candidate,,seed42_A2018_new_2013_to_2016,2013,2016,"2013,2014,2015,2016",13533,123,13410,123,13385,TomekLinks,42,"{""eval_metric"": ""auc"", ""objective"": ""binary:logistic"", ""random_state"": 42, ""seed"": 42, ""tree_method"": ""hist"", ""verbosity"": 0}",study3_ab_fair_event_target_v1_financial18_exploratory
2018,A_old_candidate,,seed42_A2018_old_to_2013,1999,2013,"1999,2000,2001,2002,2003,2004,2005,2006,2007,2008,2009,2010,2011,2012,2013",62896,457,62439,457,62313,TomekLinks,42,"{""eval_metric"": ""auc"", ""objective"": ""binary:logistic"", ""random_state"": 42, ""seed"": 42, ""tree_method"": ""hist"", ""verbosity"": 0}",study3_ab_fair_event_target_v1_financial18_exploratory
2018,A_new_candidate,,seed42_A2018_new_2014_to_2016,2014,2016,"2014,2015,2016",10049,95,9954,95,9935,TomekLinks,42,"{""eval_metric"": ""auc"", ""objective"": ""binary:logistic"", ""random_state"": 42, ""seed"": 42, ""tree_method"": ""hist"", ""verbosity"": 0}",study3_ab_fair_event_target_v1_financial18_exploratory
2018,A_old_candidate,,seed42_A2018_old_to_2014,1999,2014,"1999,2000,2001,2002,2003,2004,2005,2006,2007,2008,2009,2010,2011,2012,2013,2014",66400,490,65910,490,65772,TomekLinks,42,"{""eval_metric"": ""auc"", ""objective"": ""binary:logistic"", ""random_state"": 42, ""seed"": 42, ""tree_method"": ""hist"", ""verbosity"": 0}",study3_ab_fair_event_target_v1_financial18_exploratory
2018,A_new_candidate,,seed42_A2018_new_2015_to_2016,2015,2016,"2015,2016",6545,62,6483,62,6470,TomekLinks,42,"{""eval_metric"": ""auc"", ""objective"": ""binary:logistic"", ""random_state"": 42, ""seed"": 42, ""tree_method"": ""hist"", ""verbosity"": 0}",study3_ab_fair_event_target_v1_financial18_exploratory
2018,A_old_candidate,,seed42_A2018_old_to_2015,1999,2015,"1999,2000,2001,2002,2003,2004,2005,2006,2007,2008,2009,2010,2011,2012,2013,2014,2015",69754,523,69231,523,69083,TomekLinks,42,"{""eval_metric"": ""auc"", ""objective"": ""binary:logistic"", ""random_state"": 42, ""seed"": 42, ""tree_method"": ""hist"", ""verbosity"": 0}",study3_ab_fair_event_target_v1_financial18_exploratory
2018,A_new_candidate,,seed42_A2018_new_2016_to_2016,2016,2016,2016,3191,29,3162,29,3156,TomekLinks,42,"{""eval_metric"": ""auc"", ""objective"": ""binary:logistic"", ""random_state"": 42, ""seed"": 42, ""tree_method"": ""hist"", ""verbosity"": 0}",study3_ab_fair_event_target_v1_financial18_exploratory
2018,FullHistory,,seed42_FullHistory_2018,1999,2016,"1999,2000,2001,2002,2003,2004,2005,2006,2007,2008,2009,2010,2011,2012,2013,2014,2015,2016",72945,552,72393,552,72232,TomekLinks,42,"{""eval_metric"": ""auc"", ""objective"": ""binary:logistic"", ""random_state"": 42, ""seed"": 42, ""tree_method"": ""hist"", ""verbosity"": 0}",study3_ab_fair_event_target_v1_financial18_exploratory
2018,Recent1y,,seed42_Recent1y_2018,2016,2016,2016,3191,29,3162,29,3156,TomekLinks,42,"{""eval_metric"": ""auc"", ""objective"": ""binary:logistic"", ""random_state"": 42, ""seed"": 42, ""tree_method"": ""hist"", ""verbosity"": 0}",study3_ab_fair_event_target_v1_financial18_exploratory
2018,Recent5y,,seed42_Recent5y_2018,2012,2016,"2012,2013,2014,2015,2016",17018,149,16869,149,16834,TomekLinks,42,"{""eval_metric"": ""auc"", ""objective"": ""binary:logistic"", ""random_state"": 42, ""seed"": 42, ""tree_method"": ""hist"", ""verbosity"": 0}",study3_ab_fair_event_target_v1_financial18_exploratory
