reference_method,comparison_method,metric,observed_reference_minus_comparison,ci95_low,ci95_high,bootstrap_probability_difference_gt_0,n_company_clusters,n_rows,replicates,bootstrap_seed,inference_scope,seed,protocol_version
B_model_FIFO3_equal,Recent3y,AP,0.0249068797379,0.00449324499076,0.0449053244459,0.994,5512,33636,1000,20260909,paired_company_cluster_percentile_bootstrap,42,study3_ab_fair_event_target_v1_financial18_exploratory
B_model_FIFO3_equal,Recent3y,AUC,0.0125621505563,0.000154668796392,0.0248402168163,0.976,5512,33636,1000,20260909,paired_company_cluster_percentile_bootstrap,42,study3_ab_fair_event_target_v1_financial18_exploratory
B_model_FIFO3_equal,Recent3y,F1,0.0260223167286,-0.0066819924335,0.0613858348821,0.922,5512,33636,1000,20260909,paired_company_cluster_percentile_bootstrap,42,study3_ab_fair_event_target_v1_financial18_exploratory
B_model_FIFO3_equal,Recent3y,Recall,0.076124567474,0.0417972936763,0.11301369863,1,5512,33636,1000,20260909,paired_company_cluster_percentile_bootstrap,42,study3_ab_fair_event_target_v1_financial18_exploratory
B_model_FIFO3_equal,Recent3y,Precision,-0.0330012094684,-0.0744363837599,0.00872022169988,0.057,5512,33636,1000,20260909,paired_company_cluster_percentile_bootstrap,42,study3_ab_fair_event_target_v1_financial18_exploratory
B_model_FIFO3_equal,B_data_equal,AP,0.00132681603938,-0.0255610830577,0.0274572641452,0.508,5512,33636,1000,20260909,paired_company_cluster_percentile_bootstrap,42,study3_ab_fair_event_target_v1_financial18_exploratory
B_model_FIFO3_equal,B_data_equal,AUC,0.00472270037105,-0.0105927812413,0.020317031473,0.712,5512,33636,1000,20260909,paired_company_cluster_percentile_bootstrap,42,study3_ab_fair_event_target_v1_financial18_exploratory
B_model_FIFO3_equal,B_data_equal,F1,0.0151831984726,-0.0223166431611,0.0530815149955,0.786,5512,33636,1000,20260909,paired_company_cluster_percentile_bootstrap,42,study3_ab_fair_event_target_v1_financial18_exploratory
B_model_FIFO3_equal,B_data_equal,Recall,0.0484429065744,0.00760241859401,0.0864698656089,0.993,5512,33636,1000,20260909,paired_company_cluster_percentile_bootstrap,42,study3_ab_fair_event_target_v1_financial18_exploratory
B_model_FIFO3_equal,B_data_equal,Precision,-0.0150509365757,-0.0545574625896,0.0248050445146,0.223,5512,33636,1000,20260909,paired_company_cluster_percentile_bootstrap,42,study3_ab_fair_event_target_v1_financial18_exploratory
B_model_FIFO3_equal,A_validation_boundary_equal,AP,0.0158484186976,-0.00945871877008,0.0400549315653,0.897,5512,33636,1000,20260909,paired_company_cluster_percentile_bootstrap,42,study3_ab_fair_event_target_v1_financial18_exploratory
B_model_FIFO3_equal,A_validation_boundary_equal,AUC,0.015400502403,-0.00363278909979,0.0337436483646,0.934,5512,33636,1000,20260909,paired_company_cluster_percentile_bootstrap,42,study3_ab_fair_event_target_v1_financial18_exploratory
B_model_FIFO3_equal,A_validation_boundary_equal,F1,0.0175923532608,-0.0240394984636,0.0579925890464,0.789,5512,33636,1000,20260909,paired_company_cluster_percentile_bootstrap,42,study3_ab_fair_event_target_v1_financial18_exploratory
B_model_FIFO3_equal,A_validation_boundary_equal,Recall,0.038062283737,-0.00769455252918,0.0839234449761,0.93,5512,33636,1000,20260909,paired_company_cluster_percentile_bootstrap,42,study3_ab_fair_event_target_v1_financial18_exploratory
B_model_FIFO3_equal,A_validation_boundary_equal,Precision,0.00146718582473,-0.038513957929,0.0402474778775,0.522,5512,33636,1000,20260909,paired_company_cluster_percentile_bootstrap,42,study3_ab_fair_event_target_v1_financial18_exploratory
B_model_FIFO3_equal,FullHistory,AP,0.0642616439757,0.0357901801399,0.0949255696508,1,5512,33636,1000,20260909,paired_company_cluster_percentile_bootstrap,42,study3_ab_fair_event_target_v1_financial18_exploratory
B_model_FIFO3_equal,FullHistory,AUC,0.0421450215792,0.0193519703052,0.0664106050216,1,5512,33636,1000,20260909,paired_company_cluster_percentile_bootstrap,42,study3_ab_fair_event_target_v1_financial18_exploratory
B_model_FIFO3_equal,FullHistory,F1,0.0894971465263,0.04729947376,0.12623843292,1,5512,33636,1000,20260909,paired_company_cluster_percentile_bootstrap,42,study3_ab_fair_event_target_v1_financial18_exploratory
B_model_FIFO3_equal,FullHistory,Recall,0.0588235294118,0.00342293371334,0.109851413621,0.978,5512,33636,1000,20260909,paired_company_cluster_percentile_bootstrap,42,study3_ab_fair_event_target_v1_financial18_exploratory
B_model_FIFO3_equal,FullHistory,Precision,0.0971708440284,0.0594012946285,0.1309041022,1,5512,33636,1000,20260909,paired_company_cluster_percentile_bootstrap,42,study3_ab_fair_event_target_v1_financial18_exploratory
B_model_FIFO3_equal,Recent1y,AP,0.0471522490529,0.0159625648219,0.0771541301092,0.999,5512,33636,1000,20260909,paired_company_cluster_percentile_bootstrap,42,study3_ab_fair_event_target_v1_financial18_exploratory
B_model_FIFO3_equal,Recent1y,AUC,0.0714577957294,0.0459966864047,0.0992203292367,1,5512,33636,1000,20260909,paired_company_cluster_percentile_bootstrap,42,study3_ab_fair_event_target_v1_financial18_exploratory
B_model_FIFO3_equal,Recent1y,F1,0.0621299771841,0.0186073775239,0.0997826291903,0.999,5512,33636,1000,20260909,paired_company_cluster_percentile_bootstrap,42,study3_ab_fair_event_target_v1_financial18_exploratory
B_model_FIFO3_equal,Recent1y,Recall,0.0968858131488,0.0503779069767,0.140154921517,1,5512,33636,1000,20260909,paired_company_cluster_percentile_bootstrap,42,study3_ab_fair_event_target_v1_financial18_exploratory
B_model_FIFO3_equal,Recent1y,Precision,0.0291165609317,-0.0145630030921,0.0695989869354,0.89,5512,33636,1000,20260909,paired_company_cluster_percentile_bootstrap,42,study3_ab_fair_event_target_v1_financial18_exploratory
B_model_FIFO3_equal,Recent5y,AP,0.0164938716812,-0.00491075971568,0.0367564459662,0.937,5512,33636,1000,20260909,paired_company_cluster_percentile_bootstrap,42,study3_ab_fair_event_target_v1_financial18_exploratory
B_model_FIFO3_equal,Recent5y,AUC,0.0219627772682,0.0072146998912,0.0375940224531,0.997,5512,33636,1000,20260909,paired_company_cluster_percentile_bootstrap,42,study3_ab_fair_event_target_v1_financial18_exploratory
B_model_FIFO3_equal,Recent5y,F1,0.0167362949587,-0.0216588114793,0.0557720857171,0.797,5512,33636,1000,20260909,paired_company_cluster_percentile_bootstrap,42,study3_ab_fair_event_target_v1_financial18_exploratory
B_model_FIFO3_equal,Recent5y,Recall,0.0311418685121,-0.0142361464159,0.0749308485075,0.908,5512,33636,1000,20260909,paired_company_cluster_percentile_bootstrap,42,study3_ab_fair_event_target_v1_financial18_exploratory
B_model_FIFO3_equal,Recent5y,Precision,0.00599192851982,-0.0293662401751,0.0402136995454,0.616,5512,33636,1000,20260909,paired_company_cluster_percentile_bootstrap,42,study3_ab_fair_event_target_v1_financial18_exploratory
