model_id,old_years,new_year,train_years,validation_feature_year,test_feature_year,test_event_year,model_age_at_test,n_test,n_test_positive,AUC,PR_AUC,F1,G_Mean,Recall,Precision,Balanced_Accuracy,Cohen_Kappa,Type1_Error,Type2_Error,threshold,TP,FP,FN,TN,alerts,prevalence,seed,protocol_version
M2001,"1999,2000",2001,"1999,2000,2001",2002,2003,2004,2,4417,29,0.676005092258,0.0234550378907,0,0,0,0,0.498518687329,-0.00408096990691,0.00296262534184,1,0.01,0,13,29,4375,13,0.00656554222323,42,study3b_sliding_old2_new1_fifo3_aging_v1_exploratory
M2001,"1999,2000",2001,"1999,2000,2001",2002,2004,2005,3,4348,46,0.56531340327,0.0157855346184,0,0,0,0,0.49930264993,-0.00244741602525,0.00139470013947,1,0.01,0,6,46,4296,6,0.0105795768169,42,study3b_sliding_old2_new1_fifo3_aging_v1_exploratory
M2001,"1999,2000",2001,"1999,2000,2001",2002,2005,2006,4,4205,40,0.608109243697,0.0166219997263,0,0,0,0,0.49855942377,-0.0044097381718,0.00288115246098,1,0.01,0,12,40,4153,12,0.00951248513674,42,study3b_sliding_old2_new1_fifo3_aging_v1_exploratory
M2001,"1999,2000",2001,"1999,2000,2001",2002,2006,2007,5,4128,51,0.54805292242,0.0182690595591,0,0,0,0,0.499386804023,-0.00221106573368,0.00122639195487,1,0.01,0,5,51,4072,5,0.0123546511628,42,study3b_sliding_old2_new1_fifo3_aging_v1_exploratory
M2001,"1999,2000",2001,"1999,2000,2001",2002,2007,2008,6,4009,59,0.49603304012,0.016469508133,0,0,0,0,0.498860759494,-0.00391088197385,0.00227848101266,1,0.01,0,9,59,3941,9,0.0147168870042,42,study3b_sliding_old2_new1_fifo3_aging_v1_exploratory
M2001,"1999,2000",2001,"1999,2000,2001",2002,2008,2009,7,3857,58,0.565634332084,0.0185714017686,0,0,0,0,0.498157409845,-0.00588235294118,0.00368518031061,1,0.01,0,14,58,3785,14,0.015037593985,42,study3b_sliding_old2_new1_fifo3_aging_v1_exploratory
M2001,"1999,2000",2001,"1999,2000,2001",2002,2009,2010,8,3743,23,0.599976624591,0.008857031023,0,0,0,0,0.498521505376,-0.00399192148695,0.00295698924731,1,0.01,0,11,23,3709,11,0.00614480363345,42,study3b_sliding_old2_new1_fifo3_aging_v1_exploratory
M2001,"1999,2000",2001,"1999,2000,2001",2002,2010,2011,9,3625,35,0.630107441305,0.0249905350036,0.0869565217391,0.238745894351,0.0571428571429,0.181818181818,0.527317946677,0.0827208097361,0.0025069637883,0.942857142857,0.01,2,9,33,3581,11,0.00965517241379,42,study3b_sliding_old2_new1_fifo3_aging_v1_exploratory
M2001,"1999,2000",2001,"1999,2000,2001",2002,2011,2012,10,3513,25,0.581823394495,0.0175614551109,0,0,0,0,0.499139908257,-0.00276235463109,0.00172018348624,1,0.01,0,6,25,3482,6,0.00711642470823,42,study3b_sliding_old2_new1_fifo3_aging_v1_exploratory
M2001,"1999,2000",2001,"1999,2000,2001",2002,2012,2013,11,3485,26,0.659439144261,0.0112461716884,0,0,0,0,0.499277247759,-0.00241243331014,0.00144550448106,1,0.01,0,5,26,3454,5,0.00746054519369,42,study3b_sliding_old2_new1_fifo3_aging_v1_exploratory
M2001,"1999,2000",2001,"1999,2000,2001",2002,2013,2014,12,3484,28,0.62748015873,0.011582617482,0,0,0,0,0.498553240741,-0.00424783057224,0.00289351851852,1,0.01,0,10,28,3446,10,0.00803673938002,42,study3b_sliding_old2_new1_fifo3_aging_v1_exploratory
M2001,"1999,2000",2001,"1999,2000,2001",2002,2014,2015,13,3504,33,0.58900151035,0.0120628128425,0,0,0,0,0.499567847882,-0.00157210232957,0.000864304235091,1,0.01,0,3,33,3468,3,0.00941780821918,42,study3b_sliding_old2_new1_fifo3_aging_v1_exploratory
M2001,"1999,2000",2001,"1999,2000,2001",2002,2015,2016,14,3354,33,0.455914155101,0.00986132025324,0,0,0,0,0.49864498645,-0.00423456948544,0.00271002710027,1,0.01,0,9,33,3312,9,0.00983899821109,42,study3b_sliding_old2_new1_fifo3_aging_v1_exploratory
M2001,"1999,2000",2001,"1999,2000,2001",2002,2016,2017,15,3191,29,0.61378656023,0.0145142708035,0,0,0,0,0.499209361164,-0.00268012273114,0.00158127767236,1,0.01,0,5,29,3157,5,0.00908806016923,42,study3b_sliding_old2_new1_fifo3_aging_v1_exploratory
M2001,"1999,2000",2001,"1999,2000,2001",2002,2017,2018,16,3014,21,0.574706060172,0.0115239448747,0,0,0,0,0.49933177414,-0.00223457742545,0.00133645172068,1,0.01,0,4,21,2989,4,0.00696748506967,42,study3b_sliding_old2_new1_fifo3_aging_v1_exploratory
M2001,"1999,2000",2001,"1999,2000,2001",2002,2018,2019,17,2723,36,0.552242277633,0.0195900074517,0,0,0,0,0.499255675475,-0.00265115251491,0.00148864905099,1,0.01,0,4,36,2683,4,0.0132207124495,42,study3b_sliding_old2_new1_fifo3_aging_v1_exploratory
M2002,"2000,2001",2002,"2000,2001,2002",2003,2004,2005,2,4348,46,0.669673357185,0.0296151055239,0.03125,0.147150348254,0.0217391304348,0.0555555555556,0.50889374002,0.0254504439367,0.00395165039517,0.978260869565,0.01,1,17,45,4285,18,0.0105795768169,42,study3b_sliding_old2_new1_fifo3_aging_v1_exploratory
M2002,"2000,2001",2002,"2000,2001,2002",2003,2005,2006,3,4205,40,0.663799519808,0.0192035485594,0,0,0,0,0.498919567827,-0.00350663582126,0.00216086434574,1,0.01,0,9,40,4156,9,0.00951248513674,42,study3b_sliding_old2_new1_fifo3_aging_v1_exploratory
M2002,"2000,2001",2002,"2000,2001,2002",2003,2006,2007,4,4128,51,0.572431670731,0.0273743771442,0.0645161290323,0.197810812219,0.0392156862745,0.181818181818,0.518504090378,0.0603969954555,0.00220750551876,0.960784313725,0.01,2,9,49,4068,11,0.0123546511628,42,study3b_sliding_old2_new1_fifo3_aging_v1_exploratory
M2002,"2000,2001",2002,"2000,2001,2002",2003,2007,2008,5,4009,59,0.624492598155,0.0218561686503,0,0,0,0,0.49746835443,-0.00750753139007,0.00506329113924,1,0.01,0,20,59,3930,20,0.0147168870042,42,study3b_sliding_old2_new1_fifo3_aging_v1_exploratory
M2002,"2000,2001",2002,"2000,2001,2002",2003,2008,2009,6,3857,58,0.637808497699,0.0294940074243,0.0689655172414,0.22664982413,0.051724137931,0.103448275862,0.52244011582,0.0595373199476,0.00684390629113,0.948275862069,0.01,3,26,55,3773,29,0.015037593985,42,study3b_sliding_old2_new1_fifo3_aging_v1_exploratory
M2002,"2000,2001",2002,"2000,2001,2002",2003,2009,2010,7,3743,23,0.64724170173,0.0105111339377,0,0,0,0,0.497043010753,-0.00604456974251,0.00591397849462,1,0.01,0,22,23,3698,22,0.00614480363345,42,study3b_sliding_old2_new1_fifo3_aging_v1_exploratory
M2002,"2000,2001",2002,"2000,2001,2002",2003,2010,2011,8,3625,35,0.645061679268,0.0195103360406,0,0,0,0,0.497493036212,-0.00660152463783,0.0050139275766,1,0.01,0,18,35,3572,18,0.00965517241379,42,study3b_sliding_old2_new1_fifo3_aging_v1_exploratory
M2002,"2000,2001",2002,"2000,2001,2002",2003,2011,2012,9,3513,25,0.697626146789,0.0174792731783,0,0,0,0,0.497419724771,-0.00599364673446,0.00516055045872,1,0.01,0,18,25,3470,18,0.00711642470823,42,study3b_sliding_old2_new1_fifo3_aging_v1_exploratory
M2002,"2000,2001",2002,"2000,2001,2002",2003,2012,2013,10,3485,26,0.729913047346,0.0178748828011,0,0,0,0,0.497398091934,-0.00614157108737,0.00520381613183,1,0.01,0,18,26,3441,18,0.00746054519369,42,study3b_sliding_old2_new1_fifo3_aging_v1_exploratory
M2002,"2000,2001",2002,"2000,2001,2002",2003,2013,2014,11,3484,28,0.608444940476,0.0333046771315,0.047619047619,0.188626466285,0.0357142857143,0.0714285714286,0.51597635582,0.0424888693454,0.00376157407407,0.964285714286,0.01,1,13,27,3443,14,0.00803673938002,42,study3b_sliding_old2_new1_fifo3_aging_v1_exploratory
M2002,"2000,2001",2002,"2000,2001,2002",2003,2014,2015,12,3504,33,0.659237142383,0.0210727035592,0,0,0,0,0.497695188706,-0.00618846694796,0.00460962258715,1,0.01,0,16,33,3455,16,0.00941780821918,42,study3b_sliding_old2_new1_fifo3_aging_v1_exploratory
M2002,"2000,2001",2002,"2000,2001,2002",2003,2015,2016,13,3354,33,0.548337941292,0.0110478137296,0,0,0,0,0.497741644083,-0.00618742265722,0.00451671183379,1,0.01,0,15,33,3306,15,0.00983899821109,42,study3b_sliding_old2_new1_fifo3_aging_v1_exploratory
M2002,"2000,2001",2002,"2000,2001,2002",2003,2016,2017,14,3191,29,0.69061484438,0.0246155379519,0.05,0.185401469757,0.0344827586207,0.0909090909091,0.515660101638,0.0452276342105,0.00316255534472,0.965517241379,0.01,1,10,28,3152,11,0.00908806016923,42,study3b_sliding_old2_new1_fifo3_aging_v1_exploratory
M2002,"2000,2001",2002,"2000,2001,2002",2003,2017,2018,15,3014,21,0.678249248246,0.0142144636123,0,0,0,0,0.497494153024,-0.00584014683798,0.00501169395256,1,0.01,0,15,21,2978,15,0.00696748506967,42,study3b_sliding_old2_new1_fifo3_aging_v1_exploratory
M2002,"2000,2001",2002,"2000,2001,2002",2003,2018,2019,16,2723,36,0.558202042757,0.0249915261988,0,0,0,0,0.49869743208,-0.00432302611828,0.00260513583923,1,0.01,0,7,36,2680,7,0.0132207124495,42,study3b_sliding_old2_new1_fifo3_aging_v1_exploratory
M2003,"2001,2002",2003,"2001,2002,2003",2004,2005,2006,2,4205,40,0.691416566627,0.0298706385124,0,0,0,0,0.49855942377,-0.0044097381718,0.00288115246098,1,0.02,0,12,40,4153,12,0.00951248513674,42,study3b_sliding_old2_new1_fifo3_aging_v1_exploratory
M2003,"2001,2002",2003,"2001,2002,2003",2004,2006,2007,3,4128,51,0.658293535712,0.0450415814607,0.09375,0.242237998682,0.0588235294118,0.230769230769,0.528185372751,0.0891785168108,0.00245278390974,0.941176470588,0.02,3,10,48,4067,13,0.0123546511628,42,study3b_sliding_old2_new1_fifo3_aging_v1_exploratory
M2003,"2001,2002",2003,"2001,2002,2003",2004,2007,2008,4,4009,59,0.708740613602,0.0586968954527,0.027027027027,0.129957991661,0.0169491525424,0.0666666666667,0.506702424372,0.0211871303782,0.00354430379747,0.983050847458,0.02,1,14,58,3936,15,0.0147168870042,42,study3b_sliding_old2_new1_fifo3_aging_v1_exploratory
M2003,"2001,2002",2003,"2001,2002,2003",2004,2008,2009,5,3857,58,0.718387778998,0.0436192601283,0.0421052631579,0.184837957852,0.0344827586207,0.0540540540541,0.512634903922,0.0307519820613,0.00921295077652,0.965517241379,0.02,2,35,56,3764,37,0.015037593985,42,study3b_sliding_old2_new1_fifo3_aging_v1_exploratory
M2003,"2001,2002",2003,"2001,2002,2003",2004,2009,2010,6,3743,23,0.640930341281,0.0141381978062,0,0,0,0,0.497177419355,-0.00590010138891,0.00564516129032,1,0.02,0,21,23,3699,21,0.00614480363345,42,study3b_sliding_old2_new1_fifo3_aging_v1_exploratory
M2003,"2001,2002",2003,"2001,2002,2003",2004,2010,2011,7,3625,35,0.692383605253,0.0319238301822,0.0434782608696,0.168795267764,0.0285714285714,0.0909090909091,0.512892956626,0.039040848295,0.00278551532033,0.971428571429,0.02,1,10,34,3580,11,0.00965517241379,42,study3b_sliding_old2_new1_fifo3_aging_v1_exploratory
M2003,"2001,2002",2003,"2001,2002,2003",2004,2011,2012,8,3513,25,0.766353211009,0.0317146639808,0.0540540540541,0.199684383994,0.04,0.0833333333333,0.518423165138,0.0496672618081,0.00315366972477,0.96,0.02,1,11,24,3477,12,0.00711642470823,42,study3b_sliding_old2_new1_fifo3_aging_v1_exploratory
M2003,"2001,2002",2003,"2001,2002,2003",2004,2012,2013,9,3485,26,0.78198456646,0.0257148092288,0,0,0,0,0.498120844175,-0.00499855810824,0.00375831165077,1,0.02,0,13,26,3446,13,0.00746054519369,42,study3b_sliding_old2_new1_fifo3_aging_v1_exploratory
M2003,"2001,2002",2003,"2001,2002,2003",2004,2013,2014,10,3484,28,0.73402364418,0.0357677356432,0.0526315789474,0.188736005473,0.0357142857143,0.1,0.516555059524,0.0486073184052,0.00260416666667,0.964285714286,0.02,1,9,27,3447,10,0.00803673938002,42,study3b_sliding_old2_new1_fifo3_aging_v1_exploratory
M2003,"2001,2002",2003,"2001,2002,2003",2004,2014,2015,11,3504,33,0.63670411985,0.0153226326316,0,0,0,0,0.498127340824,-0.0053515961229,0.00374531835206,1,0.02,0,13,33,3458,13,0.00941780821918,42,study3b_sliding_old2_new1_fifo3_aging_v1_exploratory
M2003,"2001,2002",2003,"2001,2002,2003",2004,2015,2016,12,3354,33,0.688885239021,0.0171034230004,0,0,0,0,0.498193315266,-0.00527514686488,0.00361336946703,1,0.02,0,12,33,3309,12,0.00983899821109,42,study3b_sliding_old2_new1_fifo3_aging_v1_exploratory
M2003,"2001,2002",2003,"2001,2002,2003",2004,2016,2017,13,3191,29,0.732567776833,0.0231800035042,0,0,0,0,0.497786211259,-0.00595303553493,0.00442757748261,1,0.02,0,14,29,3148,14,0.00908806016923,42,study3b_sliding_old2_new1_fifo3_aging_v1_exploratory
M2003,"2001,2002",2003,"2001,2002,2003",2004,2017,2018,14,3014,21,0.656611458482,0.0137835417805,0,0,0,0,0.498329435349,-0.0045154492872,0.0033411293017,1,0.02,0,10,21,2983,10,0.00696748506967,42,study3b_sliding_old2_new1_fifo3_aging_v1_exploratory
M2003,"2001,2002",2003,"2001,2002,2003",2004,2018,2019,15,2723,36,0.670791465079,0.042975971699,0.04,0.166263002047,0.0277777777778,0.0714285714286,0.511469834181,0.0328395317518,0.00483810941571,0.972222222222,0.02,1,13,35,2674,14,0.0132207124495,42,study3b_sliding_old2_new1_fifo3_aging_v1_exploratory
M2004,"2002,2003",2004,"2002,2003,2004",2005,2006,2007,2,4128,51,0.653719815127,0.0337928083595,0.0506329113924,0.197397057991,0.0392156862745,0.0714285714286,0.516419224055,0.0422451555424,0.00637723816532,0.960784313725,0.02,2,26,49,4051,28,0.0123546511628,42,study3b_sliding_old2_new1_fifo3_aging_v1_exploratory
M2004,"2002,2003",2004,"2002,2003,2004",2005,2007,2008,3,4009,59,0.711413859687,0.0576266998506,0.11320754717,0.317237052974,0.101694915254,0.127659574468,0.545657584209,0.101481135315,0.0103797468354,0.898305084746,0.02,6,41,53,3909,47,0.0147168870042,42,study3b_sliding_old2_new1_fifo3_aging_v1_exploratory
M2004,"2002,2003",2004,"2002,2003,2004",2005,2008,2009,4,3857,58,0.691624837752,0.0438347170489,0.107692307692,0.34441934244,0.120689655172,0.0972222222222,0.551789944722,0.0925773438419,0.0171097657278,0.879310344828,0.02,7,65,51,3734,72,0.015037593985,42,study3b_sliding_old2_new1_fifo3_aging_v1_exploratory
M2004,"2002,2003",2004,"2002,2003,2004",2005,2009,2010,5,3743,23,0.612038335671,0.0208948489479,0.0689655172414,0.293573045833,0.0869565217391,0.0571428571429,0.539042776999,0.0620092443058,0.00887096774194,0.913043478261,0.02,2,33,21,3687,35,0.00614480363345,42,study3b_sliding_old2_new1_fifo3_aging_v1_exploratory
M2004,"2002,2003",2004,"2002,2003,2004",2005,2010,2011,6,3625,35,0.730322323916,0.0432913539995,0.123076923077,0.336835298484,0.114285714286,0.133333333333,0.553521687226,0.115191093031,0.00724233983287,0.885714285714,0.02,4,26,31,3564,30,0.00965517241379,42,study3b_sliding_old2_new1_fifo3_aging_v1_exploratory
M2004,"2002,2003",2004,"2002,2003,2004",2005,2011,2012,7,3513,25,0.789678899083,0.0228197229433,0,0,0,0,0.494839449541,-0.00847086727563,0.0103211009174,1,0.02,0,36,25,3452,36,0.00711642470823,42,study3b_sliding_old2_new1_fifo3_aging_v1_exploratory
M2004,"2002,2003",2004,"2002,2003,2004",2005,2012,2013,8,3485,26,0.749583027554,0.0285478286389,0,0,0,0,0.496530789245,-0.00721378943596,0.00693842150911,1,0.02,0,24,26,3435,24,0.00746054519369,42,study3b_sliding_old2_new1_fifo3_aging_v1_exploratory
M2004,"2002,2003",2004,"2002,2003,2004",2005,2013,2014,9,3484,28,0.67791005291,0.0322345452522,0.037037037037,0.188297466384,0.0357142857143,0.0384615384615,0.514240244709,0.0295264623955,0.0072337962963,0.964285714286,0.02,1,25,27,3431,26,0.00803673938002,42,study3b_sliding_old2_new1_fifo3_aging_v1_exploratory
M2004,"2002,2003",2004,"2002,2003,2004",2005,2014,2015,10,3504,33,0.682538435347,0.0328936931329,0.0754716981132,0.245543821256,0.0606060606061,0.1,0.527710117598,0.0688533125081,0.00518582541054,0.939393939394,0.02,2,18,31,3453,20,0.00941780821918,42,study3b_sliding_old2_new1_fifo3_aging_v1_exploratory
M2004,"2002,2003",2004,"2002,2003,2004",2005,2015,2016,11,3354,33,0.629529258256,0.022891389562,0.0655737704918,0.245217409143,0.0606060606061,0.0714285714286,0.526388546714,0.0570566127075,0.00782896717856,0.939393939394,0.02,2,26,31,3295,28,0.00983899821109,42,study3b_sliding_old2_new1_fifo3_aging_v1_exploratory
M2004,"2002,2003",2004,"2002,2003,2004",2005,2016,2017,12,3191,29,0.694540775153,0.0296806511855,0.0714285714286,0.261572645891,0.0689655172414,0.0740740740741,0.53052956444,0.0632191046124,0.0079063883618,0.931034482759,0.02,2,25,27,3137,27,0.00908806016923,42,study3b_sliding_old2_new1_fifo3_aging_v1_exploratory
M2004,"2002,2003",2004,"2002,2003,2004",2005,2017,2018,13,3014,21,0.725422811958,0.0290929335455,0.0571428571429,0.217743463289,0.047619047619,0.0714285714286,0.521637789763,0.0518579245391,0.00434346809222,0.952380952381,0.02,1,13,20,2980,14,0.00696748506967,42,study3b_sliding_old2_new1_fifo3_aging_v1_exploratory
M2004,"2002,2003",2004,"2002,2003,2004",2005,2018,2019,14,2723,36,0.778480750941,0.0566228556784,0.0983606557377,0.287490931773,0.0833333333333,0.12,0.537572881776,0.0884828639769,0.00818756978042,0.916666666667,0.02,3,22,33,2665,25,0.0132207124495,42,study3b_sliding_old2_new1_fifo3_aging_v1_exploratory
M2005,"2003,2004",2005,"2003,2004,2005",2006,2007,2008,2,4009,59,0.683170993349,0.0580024760762,0.122641509434,0.461009219113,0.220338983051,0.0849673202614,0.592447972538,0.103599910561,0.0354430379747,0.779661016949,0.01,13,140,46,3810,153,0.0147168870042,42,study3b_sliding_old2_new1_fifo3_aging_v1_exploratory
M2005,"2003,2004",2005,"2003,2004,2005",2006,2008,2009,3,3857,58,0.804880594712,0.0774264951275,0.117302052786,0.566529439109,0.344827586207,0.0706713780919,0.6377994209,0.0947061350942,0.0692287444064,0.655172413793,0.01,20,263,38,3536,283,0.015037593985,42,study3b_sliding_old2_new1_fifo3_aging_v1_exploratory
M2005,"2003,2004",2005,"2003,2004,2005",2006,2009,2010,4,3743,23,0.789866760168,0.0225460898115,0.0693641618497,0.500770794375,0.260869565217,0.04,0.611079943899,0.059340751968,0.0387096774194,0.739130434783,0.01,6,144,17,3576,150,0.00614480363345,42,study3b_sliding_old2_new1_fifo3_aging_v1_exploratory
M2005,"2003,2004",2005,"2003,2004,2005",2006,2010,2011,5,3625,35,0.775415837644,0.0643852097313,0.08,0.373463159357,0.142857142857,0.0555555555556,0.559590131317,0.0670284787109,0.0236768802228,0.857142857143,0.01,5,85,30,3505,90,0.00965517241379,42,study3b_sliding_old2_new1_fifo3_aging_v1_exploratory
M2005,"2003,2004",2005,"2003,2004,2005",2006,2011,2012,6,3513,25,0.815389908257,0.0415702486641,0.0601503759398,0.39399157072,0.16,0.037037037037,0.565091743119,0.0491610531171,0.0298165137615,0.84,0.01,4,104,21,3384,108,0.00711642470823,42,study3b_sliding_old2_new1_fifo3_aging_v1_exploratory
M2005,"2003,2004",2005,"2003,2004,2005",2006,2012,2013,7,3485,26,0.842995974826,0.0586296031299,0.124137931034,0.578917760625,0.346153846154,0.0756302521008,0.657176373785,0.113279520452,0.0318010985834,0.653846153846,0.01,9,110,17,3349,119,0.00746054519369,42,study3b_sliding_old2_new1_fifo3_aging_v1_exploratory
M2005,"2003,2004",2005,"2003,2004,2005",2006,2013,2014,8,3484,28,0.724557705026,0.0286729082366,0.0714285714286,0.373564270977,0.142857142857,0.047619047619,0.559854497354,0.060097949697,0.0231481481481,0.857142857143,0.01,4,80,24,3376,84,0.00803673938002,42,study3b_sliding_old2_new1_fifo3_aging_v1_exploratory
M2005,"2003,2004",2005,"2003,2004,2005",2006,2014,2015,9,3504,33,0.760325816506,0.0331028387791,0.077519379845,0.384113061705,0.151515151515,0.0520833333333,0.562648961525,0.0644049542272,0.0262172284644,0.848484848485,0.01,5,91,28,3380,96,0.00941780821918,42,study3b_sliding_old2_new1_fifo3_aging_v1_exploratory
M2005,"2003,2004",2005,"2003,2004,2005",2006,2015,2016,10,3354,33,0.759090452857,0.038807652432,0.0595238095238,0.381554866007,0.151515151515,0.037037037037,0.556185157811,0.0444134289764,0.0391448358928,0.848484848485,0.01,5,130,28,3191,135,0.00983899821109,42,study3b_sliding_old2_new1_fifo3_aging_v1_exploratory
M2005,"2003,2004",2005,"2003,2004,2005",2006,2016,2017,11,3191,29,0.764874915483,0.0485430382238,0.0958904109589,0.48268227711,0.241379310345,0.0598290598291,0.603295600776,0.0825266826399,0.0347881087919,0.758620689655,0.01,7,110,22,3052,117,0.00908806016923,42,study3b_sliding_old2_new1_fifo3_aging_v1_exploratory
M2005,"2003,2004",2005,"2003,2004,2005",2006,2017,2018,12,3014,21,0.797145720968,0.039367031137,0.070796460177,0.429971884384,0.190476190476,0.0434782608696,0.580537126311,0.0601334054016,0.029401937855,0.809523809524,0.01,4,88,17,2905,92,0.00696748506967,42,study3b_sliding_old2_new1_fifo3_aging_v1_exploratory
M2005,"2003,2004",2005,"2003,2004,2005",2006,2018,2019,13,2723,36,0.775162304098,0.0814327145104,0.075,0.399183511056,0.166666666667,0.0483870967742,0.561375759831,0.0556482453509,0.0439151470041,0.833333333333,0.01,6,118,30,2569,124,0.0132207124495,42,study3b_sliding_old2_new1_fifo3_aging_v1_exploratory
M2006,"2004,2005",2006,"2004,2005,2006",2007,2008,2009,2,3857,58,0.829483257845,0.120319548113,0.214592274678,0.643440350785,0.431034482759,0.142857142857,0.695775204001,0.196440952161,0.0394840747565,0.568965517241,0.04,25,150,33,3649,175,0.015037593985,42,study3b_sliding_old2_new1_fifo3_aging_v1_exploratory
M2006,"2004,2005",2006,"2004,2005,2006",2007,2009,2010,3,3743,23,0.76582515194,0.0288493343363,0.051724137931,0.356761968803,0.130434782609,0.0322580645161,0.553120617111,0.0422879207276,0.0241935483871,0.869565217391,0.04,3,90,20,3630,93,0.00614480363345,42,study3b_sliding_old2_new1_fifo3_aging_v1_exploratory
M2006,"2004,2005",2006,"2004,2005,2006",2007,2010,2011,4,3625,35,0.802737763629,0.0505566311171,0.0666666666667,0.290641947666,0.0857142857143,0.0545454545455,0.535614803024,0.0555210918114,0.0144846796657,0.914285714286,0.04,3,52,32,3538,55,0.00965517241379,42,study3b_sliding_old2_new1_fifo3_aging_v1_exploratory
M2006,"2004,2005",2006,"2004,2005,2006",2007,2011,2012,5,3513,25,0.854529816514,0.0762766784401,0.16,0.56022603564,0.32,0.106666666667,0.650395642202,0.150936555891,0.0192087155963,0.68,0.04,8,67,17,3421,75,0.00711642470823,42,study3b_sliding_old2_new1_fifo3_aging_v1_exploratory
M2006,"2004,2005",2006,"2004,2005,2006",2007,2012,2013,6,3485,26,0.85970823048,0.049312970952,0.099173553719,0.474164046646,0.230769230769,0.0631578947368,0.602519625503,0.0884953628718,0.0257299797629,0.769230769231,0.04,6,89,20,3370,95,0.00746054519369,42,study3b_sliding_old2_new1_fifo3_aging_v1_exploratory
M2006,"2004,2005",2006,"2004,2005,2006",2007,2013,2014,7,3484,28,0.67328042328,0.0573686594599,0.136363636364,0.459279326772,0.214285714286,0.1,0.599330357143,0.12679400591,0.015625,0.785714285714,0.04,6,54,22,3402,60,0.00803673938002,42,study3b_sliding_old2_new1_fifo3_aging_v1_exploratory
M2006,"2004,2005",2006,"2004,2005,2006",2007,2014,2015,8,3504,33,0.823786700191,0.0499208801628,0.0909090909091,0.345588093931,0.121212121212,0.0727272727273,0.553259474608,0.0800795479158,0.0146931719965,0.878787878788,0.04,4,51,29,3420,55,0.00941780821918,42,study3b_sliding_old2_new1_fifo3_aging_v1_exploratory
M2006,"2004,2005",2006,"2004,2005,2006",2007,2015,2016,9,3354,33,0.771910614729,0.105311352825,0.163636363636,0.51685875678,0.272727272727,0.116883116883,0.626125756207,0.151954883499,0.0204757603132,0.727272727273,0.04,9,68,24,3253,77,0.00983899821109,42,study3b_sliding_old2_new1_fifo3_aging_v1_exploratory
M2006,"2004,2005",2006,"2004,2005,2006",2007,2016,2017,10,3191,29,0.734487120766,0.0367469091717,0.0392156862745,0.25964775304,0.0689655172414,0.027397260274,0.523255687147,0.0265526944915,0.0224541429475,0.931034482759,0.04,2,71,27,3091,73,0.00908806016923,42,study3b_sliding_old2_new1_fifo3_aging_v1_exploratory
M2006,"2004,2005",2006,"2004,2005,2006",2007,2017,2018,11,3014,21,0.78618363483,0.0756848587107,0.093023255814,0.43196541115,0.190476190476,0.0615384615385,0.585047650868,0.0833690744481,0.0203808887404,0.809523809524,0.04,4,61,17,2932,65,0.00696748506967,42,study3b_sliding_old2_new1_fifo3_aging_v1_exploratory
M2006,"2004,2005",2006,"2004,2005,2006",2007,2018,2019,12,2723,36,0.769435140388,0.0855902637454,0.18,0.494856311354,0.25,0.140625,0.614765537774,0.165884673431,0.0204689244511,0.75,0.04,9,55,27,2632,64,0.0132207124495,42,study3b_sliding_old2_new1_fifo3_aging_v1_exploratory
M2007,"2005,2006",2007,"2005,2006,2007",2008,2009,2010,2,3743,23,0.84585086489,0.0413449027322,0.093023255814,0.294169618377,0.0869565217391,0.1,0.541058906031,0.0878090846034,0.00483870967742,0.913043478261,0.19,2,18,21,3702,20,0.00614480363345,42,study3b_sliding_old2_new1_fifo3_aging_v1_exploratory
M2007,"2005,2006",2007,"2005,2006,2007",2008,2010,2011,3,3625,35,0.800318344608,0.13150134544,0.130434782609,0.292443633799,0.0857142857143,0.272727272727,0.541742936729,0.126400771177,0.00222841225627,0.914285714286,0.19,3,8,32,3582,11,0.00965517241379,42,study3b_sliding_old2_new1_fifo3_aging_v1_exploratory
M2007,"2005,2006",2007,"2005,2006,2007",2008,2011,2012,4,3513,25,0.850894495413,0.0769639443786,0.0952380952381,0.282233880501,0.08,0.117647058824,0.537849770642,0.0899956372362,0.0043004587156,0.92,0.19,2,15,23,3473,17,0.00711642470823,42,study3b_sliding_old2_new1_fifo3_aging_v1_exploratory
M2007,"2005,2006",2007,"2005,2006,2007",2008,2012,2013,5,3485,26,0.89740253964,0.105873611494,0.166666666667,0.391210386811,0.153846153846,0.181818181818,0.574321168857,0.160928396013,0.00520381613183,0.846153846154,0.19,4,18,22,3441,22,0.00746054519369,42,study3b_sliding_old2_new1_fifo3_aging_v1_exploratory
M2007,"2005,2006",2007,"2005,2006,2007",2008,2013,2014,6,3484,28,0.814318783069,0.0475744950145,0.0454545454545,0.188571672829,0.0357142857143,0.0625,0.515687003968,0.039842519685,0.00434027777778,0.964285714286,0.19,1,15,27,3441,16,0.00803673938002,42,study3b_sliding_old2_new1_fifo3_aging_v1_exploratory
M2007,"2005,2006",2007,"2005,2006,2007",2008,2014,2015,7,3504,33,0.817657997433,0.0387747307788,0,0,0,0,0.497551138001,-0.00644538655086,0.00489772399885,1,0.19,0,17,33,3454,17,0.00941780821918,42,study3b_sliding_old2_new1_fifo3_aging_v1_exploratory
M2007,"2005,2006",2007,"2005,2006,2007",2008,2015,2016,8,3354,33,0.854826494393,0.0984575366127,0.115384615385,0.300784153059,0.0909090909091,0.157894736842,0.543045632477,0.108978135071,0.00481782595604,0.909090909091,0.19,3,16,30,3305,19,0.00983899821109,42,study3b_sliding_old2_new1_fifo3_aging_v1_exploratory
M2007,"2005,2006",2007,"2005,2006,2007",2008,2016,2017,9,3191,29,0.812983925495,0.077322267179,0.0851063829787,0.2619476009,0.0689655172414,0.111111111111,0.531952714345,0.0786931036103,0.00506008855155,0.931034482759,0.19,2,16,27,3146,18,0.00908806016923,42,study3b_sliding_old2_new1_fifo3_aging_v1_exploratory
M2007,"2005,2006",2007,"2005,2006,2007",2008,2017,2018,10,3014,21,0.805450813804,0.0514609487534,0.0555555555556,0.217706926086,0.047619047619,0.0666666666667,0.521470733298,0.0500398613197,0.00467758102239,0.952380952381,0.19,1,14,20,2979,15,0.00696748506967,42,study3b_sliding_old2_new1_fifo3_aging_v1_exploratory
M2007,"2005,2006",2007,"2005,2006,2007",2008,2018,2019,11,2723,36,0.791702849109,0.0730627411626,0.137931034483,0.332214970442,0.111111111111,0.181818181818,0.552206095191,0.129197313719,0.00669892072944,0.888888888889,0.19,4,18,32,2669,22,0.0132207124495,42,study3b_sliding_old2_new1_fifo3_aging_v1_exploratory
M2008,"2006,2007",2008,"2006,2007,2008",2009,2010,2011,2,3625,35,0.81009948269,0.0734351786708,0.0952380952381,0.238879197485,0.0571428571429,0.285714285714,0.527875049741,0.0923168160253,0.00139275766017,0.942857142857,0.24,2,5,33,3585,7,0.00965517241379,42,study3b_sliding_old2_new1_fifo3_aging_v1_exploratory
M2008,"2006,2007",2008,"2006,2007,2008",2009,2011,2012,3,3513,25,0.860837155963,0.116208598267,0.117647058824,0.28255875414,0.08,0.222222222222,0.538996559633,0.114310205728,0.00200688073394,0.92,0.24,2,7,23,3481,9,0.00711642470823,42,study3b_sliding_old2_new1_fifo3_aging_v1_exploratory
M2008,"2006,2007",2008,"2006,2007,2008",2009,2012,2013,4,3485,26,0.877454577801,0.15641028708,0.243902439024,0.437894655192,0.192307692308,0.333333333333,0.594708341673,0.239752295838,0.00289100896213,0.807692307692,0.24,5,10,21,3449,15,0.00746054519369,42,study3b_sliding_old2_new1_fifo3_aging_v1_exploratory
M2008,"2006,2007",2008,"2006,2007,2008",2009,2013,2014,5,3484,28,0.850549768519,0.0637107271832,0.0555555555556,0.188790751234,0.0357142857143,0.125,0.516844411376,0.0521700166432,0.00202546296296,0.964285714286,0.24,1,7,27,3449,8,0.00803673938002,42,study3b_sliding_old2_new1_fifo3_aging_v1_exploratory
M2008,"2006,2007",2008,"2006,2007,2008",2009,2014,2015,6,3504,33,0.768864094707,0.0388695957467,0,0,0,0,0.497983290118,-0.00564226569942,0.00403341976376,1,0.24,0,14,33,3457,14,0.00941780821918,42,study3b_sliding_old2_new1_fifo3_aging_v1_exploratory
M2008,"2006,2007",2008,"2006,2007,2008",2009,2015,2016,7,3354,33,0.860565912056,0.184579164087,0.163265306122,0.347525735787,0.121212121212,0.25,0.558799375873,0.157854124564,0.00361336946703,0.878787878788,0.24,4,12,29,3309,16,0.00983899821109,42,study3b_sliding_old2_new1_fifo3_aging_v1_exploratory
M2008,"2006,2007",2008,"2006,2007,2008",2009,2016,2017,8,3191,29,0.786276690877,0.0653520824392,0,0,0,0,0.498418722328,-0.004682366048,0.00316255534472,1,0.24,0,10,29,3152,10,0.00908806016923,42,study3b_sliding_old2_new1_fifo3_aging_v1_exploratory
M2008,"2006,2007",2008,"2006,2007,2008",2009,2017,2018,9,3014,21,0.759836443766,0.060447032437,0,0,0,0,0.498496491814,-0.00419804091424,0.00300701637153,1,0.24,0,9,21,2984,9,0.00696748506967,42,study3b_sliding_old2_new1_fifo3_aging_v1_exploratory
M2008,"2006,2007",2008,"2006,2007,2008",2009,2018,2019,10,2723,36,0.812978125129,0.0684741802486,0.0444444444444,0.166418373543,0.0277777777778,0.111111111111,0.512400239838,0.0393643292558,0.00297729810197,0.972222222222,0.24,1,8,35,2679,9,0.0132207124495,42,study3b_sliding_old2_new1_fifo3_aging_v1_exploratory
M2009,"2007,2008",2009,"2007,2008,2009",2010,2011,2012,2,3513,25,0.904564220183,0.116118389574,0.0714285714286,0.281664449985,0.08,0.0645161290323,0.535842889908,0.0640543503879,0.00831422018349,0.92,0.05,2,29,23,3459,31,0.00711642470823,42,study3b_sliding_old2_new1_fifo3_aging_v1_exploratory
M2009,"2007,2008",2009,"2007,2008,2009",2010,2012,2013,3,3485,26,0.85111303845,0.176807963229,0.241379310345,0.516996032687,0.269230769231,0.21875,0.631001623413,0.235082258338,0.00722752240532,0.730769230769,0.05,7,25,19,3434,32,0.00746054519369,42,study3b_sliding_old2_new1_fifo3_aging_v1_exploratory
M2009,"2007,2008",2009,"2007,2008,2009",2010,2013,2014,4,3484,28,0.840071097884,0.0935554228411,0.196078431373,0.421475229459,0.178571428571,0.217391304348,0.586681547619,0.190208394748,0.00520833333333,0.821428571429,0.05,5,18,23,3438,23,0.00803673938002,42,study3b_sliding_old2_new1_fifo3_aging_v1_exploratory
M2009,"2007,2008",2009,"2007,2008,2009",2010,2014,2015,5,3504,33,0.826126432868,0.0520498180333,0.0845070422535,0.299987340731,0.0909090909091,0.0789473684211,0.54041277075,0.0751839399698,0.0100835494094,0.909090909091,0.05,3,35,30,3436,38,0.00941780821918,42,study3b_sliding_old2_new1_fifo3_aging_v1_exploratory
M2009,"2007,2008",2009,"2007,2008,2009",2010,2015,2016,6,3354,33,0.843895139288,0.156540081632,0.210526315789,0.489764570707,0.242424242424,0.186046511628,0.615942624073,0.201637666325,0.0105389942788,0.757575757576,0.05,8,35,25,3286,43,0.00983899821109,42,study3b_sliding_old2_new1_fifo3_aging_v1_exploratory
M2009,"2007,2008",2009,"2007,2008,2009",2010,2016,2017,7,3191,29,0.852962987197,0.11187164868,0.176470588235,0.452479049017,0.206896551724,0.153846153846,0.598230059543,0.16779523672,0.0104364326376,0.793103448276,0.05,6,33,23,3129,39,0.00908806016923,42,study3b_sliding_old2_new1_fifo3_aging_v1_exploratory
M2009,"2007,2008",2009,"2007,2008,2009",2010,2017,2018,8,3014,21,0.823699743847,0.0692702429473,0.146341463415,0.376889540504,0.142857142857,0.15,0.568588611522,0.140498965242,0.0056799198129,0.857142857143,0.05,3,17,18,2976,20,0.00696748506967,42,study3b_sliding_old2_new1_fifo3_aging_v1_exploratory
M2009,"2007,2008",2009,"2007,2008,2009",2010,2018,2019,9,2723,36,0.845185667618,0.0824669925856,0.0882352941176,0.287113115685,0.0833333333333,0.09375,0.536270313857,0.0767472383244,0.0107927056197,0.916666666667,0.05,3,29,33,2658,32,0.0132207124495,42,study3b_sliding_old2_new1_fifo3_aging_v1_exploratory
M2010,"2008,2009",2010,"2008,2009,2010",2011,2012,2013,2,3485,26,0.883470100296,0.222933507685,0.235294117647,0.392005415272,0.153846153846,0.5,0.576344875131,0.232599894981,0.00115640358485,0.846153846154,0.18,4,4,22,3455,8,0.00746054519369,42,study3b_sliding_old2_new1_fifo3_aging_v1_exploratory
M2010,"2008,2009",2010,"2008,2009,2010",2011,2013,2014,3,3484,28,0.813636739418,0.0499325714425,0,0,0,0,0.499421296296,-0.0020132297958,0.00115740740741,1,0.18,0,4,28,3452,4,0.00803673938002,42,study3b_sliding_old2_new1_fifo3_aging_v1_exploratory
M2010,"2008,2009",2010,"2008,2009,2010",2011,2014,2015,4,3504,33,0.828570929695,0.0501582547037,0,0,0,0,0.499423797177,-0.00204043776665,0.00115240564679,1,0.18,0,4,33,3467,4,0.00941780821918,42,study3b_sliding_old2_new1_fifo3_aging_v1_exploratory
M2010,"2008,2009",2010,"2008,2009,2010",2011,2015,2016,5,3354,33,0.852089093282,0.16300351286,0.1,0.245997589221,0.0606060606061,0.285714285714,0.529550244997,0.096890005834,0.00150557061126,0.939393939394,0.18,2,5,31,3316,7,0.00983899821109,42,study3b_sliding_old2_new1_fifo3_aging_v1_exploratory
M2010,"2008,2009",2010,"2008,2009,2010",2011,2016,2017,6,3191,29,0.848666274074,0.118138137921,0.181818181818,0.370744114585,0.137931034483,0.266666666667,0.567226111802,0.176716785873,0.00347881087919,0.862068965517,0.18,4,11,25,3151,15,0.00908806016923,42,study3b_sliding_old2_new1_fifo3_aging_v1_exploratory
M2010,"2008,2009",2010,"2008,2009,2010",2011,2017,2018,7,3014,21,0.875741810256,0.0778844639278,0.0689655172414,0.217962557891,0.047619047619,0.125,0.522640128554,0.0653726886413,0.00233879051119,0.952380952381,0.18,1,7,20,2986,8,0.00696748506967,42,study3b_sliding_old2_new1_fifo3_aging_v1_exploratory
M2010,"2008,2009",2010,"2008,2009,2010",2011,2018,2019,8,2723,36,0.819387586321,0.141109328457,0.170212765957,0.332898860877,0.111111111111,0.363636363636,0.554252987636,0.165045719363,0.00260513583923,0.888888888889,0.18,4,7,32,2680,11,0.0132207124495,42,study3b_sliding_old2_new1_fifo3_aging_v1_exploratory
M2011,"2009,2010",2011,"2009,2010,2011",2012,2013,2014,2,3484,28,0.782469411376,0.0831860311885,0.078431372549,0.266448013036,0.0714285714286,0.0869565217391,0.53267609127,0.0717023061747,0.00607638888889,0.928571428571,0.05,2,21,26,3435,23,0.00803673938002,42,study3b_sliding_old2_new1_fifo3_aging_v1_exploratory
M2011,"2009,2010",2011,"2009,2010,2011",2012,2014,2015,3,3504,33,0.823507329125,0.0481909071136,0,0,0,0,0.496974935177,-0.00737901293723,0.00605012964564,1,0.05,0,21,33,3450,21,0.00941780821918,42,study3b_sliding_old2_new1_fifo3_aging_v1_exploratory
M2011,"2009,2010",2011,"2009,2010,2011",2012,2015,2016,4,3354,33,0.845355086547,0.136427578305,0.172413793103,0.388075616959,0.151515151515,0.2,0.572746434535,0.165334245808,0.00602228244505,0.848484848485,0.05,5,20,28,3301,25,0.00983899821109,42,study3b_sliding_old2_new1_fifo3_aging_v1_exploratory
M2011,"2009,2010",2011,"2009,2010,2011",2012,2016,2017,5,3191,29,0.83432572139,0.105430890355,0.111111111111,0.3205129044,0.103448275862,0.12,0.548245327052,0.103567749789,0.00695762175838,0.896551724138,0.05,3,22,26,3140,25,0.00908806016923,42,study3b_sliding_old2_new1_fifo3_aging_v1_exploratory
M2011,"2009,2010",2011,"2009,2010,2011",2012,2017,2018,6,3014,21,0.849712821981,0.0600567524823,0.173913043478,0.434901987528,0.190476190476,0.16,0.591729909471,0.16760905272,0.00701637153358,0.809523809524,0.05,4,21,17,2972,25,0.00696748506967,42,study3b_sliding_old2_new1_fifo3_aging_v1_exploratory
M2011,"2009,2010",2011,"2009,2010,2011",2012,2018,2019,7,2723,36,0.86027374602,0.141677504536,0.222222222222,0.439314405359,0.194444444444,0.259259259259,0.593500599595,0.213307390702,0.00744324525493,0.805555555556,0.05,7,20,29,2667,27,0.0132207124495,42,study3b_sliding_old2_new1_fifo3_aging_v1_exploratory
M2012,"2010,2011",2012,"2010,2011,2012",2013,2014,2015,2,3504,33,0.845202238461,0.0792212364597,0.131147540984,0.346949575608,0.121212121212,0.142857142857,0.557148843666,0.123570053234,0.00691443388073,0.878787878788,0.08,4,24,29,3447,28,0.00941780821918,42,study3b_sliding_old2_new1_fifo3_aging_v1_exploratory
M2012,"2010,2011",2012,"2010,2011,2012",2013,2015,2016,3,3354,33,0.881078171051,0.164367654662,0.166666666667,0.42427761794,0.181818181818,0.153846153846,0.585940707892,0.157688540646,0.00993676603433,0.818181818182,0.08,6,33,27,3288,39,0.00983899821109,42,study3b_sliding_old2_new1_fifo3_aging_v1_exploratory
M2012,"2010,2011",2012,"2010,2011,2012",2013,2016,2017,4,3191,29,0.834107614125,0.14703722943,0.2,0.41417552323,0.172413793103,0.238095238095,0.583676852276,0.193845842912,0.00506008855155,0.827586206897,0.08,5,16,24,3146,21,0.00908806016923,42,study3b_sliding_old2_new1_fifo3_aging_v1_exploratory
M2012,"2010,2011",2012,"2010,2011,2012",2013,2017,2018,5,3014,21,0.864875184955,0.140884268602,0.181818181818,0.485580341306,0.238095238095,0.147058823529,0.61420298156,0.174708838885,0.00968927497494,0.761904761905,0.08,5,29,16,2964,34,0.00696748506967,42,study3b_sliding_old2_new1_fifo3_aging_v1_exploratory
M2012,"2010,2011",2012,"2010,2011,2012",2013,2018,2019,6,2723,36,0.864253814663,0.181055491661,0.25,0.469646854265,0.222222222222,0.285714285714,0.607389488484,0.24122236671,0.00744324525493,0.777777777778,0.08,8,20,28,2667,28,0.0132207124495,42,study3b_sliding_old2_new1_fifo3_aging_v1_exploratory
M2013,"2011,2012",2013,"2011,2012,2013",2014,2015,2016,2,3354,33,0.894728677927,0.152552626603,0.276923076923,0.520421431112,0.272727272727,0.28125,0.632900823958,0.269849651224,0.0069256248118,0.727272727273,0.07,9,23,24,3298,32,0.00983899821109,42,study3b_sliding_old2_new1_fifo3_aging_v1_exploratory
M2013,"2011,2012",2013,"2011,2012,2013",2014,2016,2017,3,3191,29,0.880662609872,0.348347220966,0.372881355932,0.614028601864,0.379310344828,0.366666666667,0.686650744836,0.367031399943,0.00600885515497,0.620689655172,0.07,11,19,18,3143,30,0.00908806016923,42,study3b_sliding_old2_new1_fifo3_aging_v1_exploratory
M2013,"2011,2012",2013,"2011,2012,2013",2014,2017,2018,4,3014,21,0.86540021956,0.125554209687,0.2,0.485989733792,0.238095238095,0.172413793103,0.615038263886,0.19348148941,0.00801871032409,0.761904761905,0.07,5,24,16,2969,29,0.00696748506967,42,study3b_sliding_old2_new1_fifo3_aging_v1_exploratory
M2013,"2011,2012",2013,"2011,2012,2013",2014,2018,2019,5,2723,36,0.807550758798,0.202325852857,0.268656716418,0.497948900546,0.25,0.290322580645,0.62090621511,0.259598577208,0.00818756978042,0.75,0.07,9,22,27,2665,31,0.0132207124495,42,study3b_sliding_old2_new1_fifo3_aging_v1_exploratory
M2014,"2012,2013",2014,"2012,2013,2014",2015,2016,2017,2,3191,29,0.84677964623,0.132425981888,0.227272727273,0.414570289505,0.172413793103,0.333333333333,0.584625618879,0.222454742213,0.00316255534472,0.827586206897,0.2,5,10,24,3152,15,0.00908806016923,42,study3b_sliding_old2_new1_fifo3_aging_v1_exploratory
M2014,"2012,2013",2014,"2012,2013,2014",2015,2017,2018,3,3014,21,0.882583170254,0.111236665414,0.176470588235,0.377332530629,0.142857142857,0.230769230769,0.569758006778,0.172059256352,0.0033411293017,0.857142857143,0.2,3,10,18,2983,13,0.00696748506967,42,study3b_sliding_old2_new1_fifo3_aging_v1_exploratory
M2014,"2012,2013",2014,"2012,2013,2014",2015,2018,2019,4,2723,36,0.839060497043,0.137515417445,0.156862745098,0.332650336124,0.111111111111,0.266666666667,0.55350866311,0.150254367058,0.00409378489021,0.888888888889,0.2,4,11,32,2676,15,0.0132207124495,42,study3b_sliding_old2_new1_fifo3_aging_v1_exploratory
M2015,"2013,2014",2015,"2013,2014,2015",2016,2017,2018,2,3014,21,0.864588802444,0.111146973881,0.0689655172414,0.217962557891,0.047619047619,0.125,0.522640128554,0.0653726886413,0.00233879051119,0.952380952381,0.14,1,7,20,2986,8,0.00696748506967,42,study3b_sliding_old2_new1_fifo3_aging_v1_exploratory
M2015,"2013,2014",2015,"2013,2014,2015",2016,2018,2019,3,2723,36,0.814683868833,0.14719202705,0.166666666667,0.332836747086,0.111111111111,0.333333333333,0.554066906505,0.16112138016,0.00297729810197,0.888888888889,0.14,4,8,32,2679,12,0.0132207124495,42,study3b_sliding_old2_new1_fifo3_aging_v1_exploratory
M2016,"2014,2015",2016,"2014,2015,2016",2017,2018,2019,2,2723,36,0.855109994624,0.206305609369,0.310344827586,0.49878900614,0.25,0.409090909091,0.622580945292,0.303357850975,0.00483810941571,0.75,0.07,9,13,27,2674,22,0.0132207124495,42,study3b_sliding_old2_new1_fifo3_aging_v1_exploratory
