method,boundary_source,drift_start_year,old_window,new_window,fs_variant,n_features_before,n_features_after,selected_preview,w_old,w_new,threshold,AUC,F1,G_Mean,Recall,Precision,Type1_Error,Type2_Error
Fixed_2012,manual fixed boundary,2012,1999-2011,2012-2014,no_fs,19,19,,1.000000,0.000000,0.410000,0.762938,0.130485,0.591613,0.393728,0.078201,0.111046,0.606272
Fixed_2012,manual fixed boundary,2012,1999-2011,2012-2014,no_fs,19,19,,0.950000,0.050000,0.290000,0.774292,0.120826,0.676234,0.560976,0.067704,0.184827,0.439024
Fixed_2012,manual fixed boundary,2012,1999-2011,2012-2014,no_fs,19,19,,0.900000,0.100000,0.280000,0.783421,0.121303,0.678157,0.564460,0.067953,0.185244,0.435540
Fixed_2012,manual fixed boundary,2012,1999-2011,2012-2014,no_fs,19,19,,0.850000,0.150000,0.430000,0.791311,0.156134,0.580333,0.365854,0.099244,0.079450,0.634146
Fixed_2012,manual fixed boundary,2012,1999-2011,2012-2014,no_fs,19,19,,0.800000,0.200000,0.320000,0.798274,0.142366,0.661532,0.505226,0.082857,0.133806,0.494774
Fixed_2012,manual fixed boundary,2012,1999-2011,2012-2014,no_fs,19,19,,0.750000,0.250000,0.320000,0.804493,0.150593,0.666964,0.508711,0.088378,0.125552,0.491289
Fixed_2012,manual fixed boundary,2012,1999-2011,2012-2014,no_fs,19,19,,0.700000,0.300000,0.330000,0.809926,0.160643,0.659004,0.487805,0.096154,0.109712,0.512195
Fixed_2012,manual fixed boundary,2012,1999-2011,2012-2014,no_fs,19,19,,0.650000,0.350000,0.330000,0.814698,0.170702,0.664196,0.491289,0.103297,0.102043,0.508711
Fixed_2012,manual fixed boundary,2012,1999-2011,2012-2014,no_fs,19,19,,0.600000,0.400000,0.360000,0.818905,0.196575,0.651537,0.459930,0.125000,0.077032,0.540070
Fixed_2012,manual fixed boundary,2012,1999-2011,2012-2014,no_fs,19,19,,0.550000,0.450000,0.330000,0.822299,0.193416,0.670151,0.491289,0.120410,0.085869,0.508711
Fixed_2012,manual fixed boundary,2012,1999-2011,2012-2014,no_fs,19,19,,0.500000,0.500000,0.300000,0.825210,0.191517,0.686067,0.519164,0.117415,0.093372,0.480836
Fixed_2012,manual fixed boundary,2012,1999-2011,2012-2014,no_fs,19,19,,0.450000,0.550000,0.290000,0.827596,0.194805,0.688903,0.522648,0.119713,0.091955,0.477352
Fixed_2012,manual fixed boundary,2012,1999-2011,2012-2014,no_fs,19,19,,0.400000,0.600000,0.240000,0.829651,0.175668,0.704417,0.560976,0.104140,0.115465,0.439024
Fixed_2012,manual fixed boundary,2012,1999-2011,2012-2014,no_fs,19,19,,0.350000,0.650000,0.230000,0.831438,0.179713,0.709479,0.567944,0.106745,0.113714,0.432056
Fixed_2012,manual fixed boundary,2012,1999-2011,2012-2014,no_fs,19,19,,0.300000,0.700000,0.220000,0.832948,0.183559,0.710746,0.567944,0.109469,0.110546,0.432056
Fixed_2012,manual fixed boundary,2012,1999-2011,2012-2014,no_fs,19,19,,0.250000,0.750000,0.230000,0.834313,0.189255,0.697295,0.540070,0.114730,0.099708,0.459930
Fixed_2012,manual fixed boundary,2012,1999-2011,2012-2014,no_fs,19,19,,0.200000,0.800000,0.210000,0.835409,0.186431,0.702248,0.550523,0.112216,0.104210,0.449477
Fixed_2012,manual fixed boundary,2012,1999-2011,2012-2014,no_fs,19,19,,0.150000,0.850000,0.210000,0.836293,0.186503,0.690674,0.529617,0.113179,0.099291,0.470383
Fixed_2012,manual fixed boundary,2012,1999-2011,2012-2014,no_fs,19,19,,0.100000,0.900000,0.180000,0.836852,0.182851,0.706803,0.560976,0.109227,0.109462,0.439024
Fixed_2012,manual fixed boundary,2012,1999-2011,2012-2014,no_fs,19,19,,0.050000,0.950000,0.180000,0.837021,0.182029,0.699012,0.547038,0.109179,0.106794,0.452962
Fixed_2012,manual fixed boundary,2012,1999-2011,2012-2014,no_fs,19,19,,0.000000,1.000000,0.160000,0.835214,0.176667,0.701050,0.554007,0.105089,0.112880,0.445993
Fixed_2012,manual fixed boundary,2012,1999-2011,2012-2014,fs,19,9,"X1,X4,X6,X9,X11,X12,X13,X16",1.000000,0.000000,0.480000,0.741583,0.133649,0.592750,0.393728,0.080484,0.107628,0.606272
Fixed_2012,manual fixed boundary,2012,1999-2011,2012-2014,fs,19,9,"X1,X4,X6,X9,X11,X12,X13,X16",0.950000,0.050000,0.490000,0.753434,0.146999,0.587685,0.379791,0.091137,0.090621,0.620209
Fixed_2012,manual fixed boundary,2012,1999-2011,2012-2014,fs,19,9,"X1,X4,X6,X9,X11,X12,X13,X16",0.900000,0.100000,0.480000,0.764087,0.148405,0.583309,0.372822,0.092641,0.087370,0.627178
Fixed_2012,manual fixed boundary,2012,1999-2011,2012-2014,fs,19,9,"X1,X4,X6,X9,X11,X12,X13,X16",0.850000,0.150000,0.460000,0.773698,0.154367,0.601316,0.397213,0.095798,0.089704,0.602787
Fixed_2012,manual fixed boundary,2012,1999-2011,2012-2014,fs,19,9,"X1,X4,X6,X9,X11,X12,X13,X16",0.800000,0.200000,0.440000,0.782436,0.163913,0.626388,0.432056,0.101142,0.091872,0.567944
Fixed_2012,manual fixed boundary,2012,1999-2011,2012-2014,fs,19,9,"X1,X4,X6,X9,X11,X12,X13,X16",0.750000,0.250000,0.430000,0.790463,0.168840,0.625430,0.428571,0.105128,0.087286,0.571429
Fixed_2012,manual fixed boundary,2012,1999-2011,2012-2014,fs,19,9,"X1,X4,X6,X9,X11,X12,X13,X16",0.700000,0.300000,0.420000,0.797617,0.182200,0.644066,0.452962,0.114035,0.084202,0.547038
Fixed_2012,manual fixed boundary,2012,1999-2011,2012-2014,fs,19,9,"X1,X4,X6,X9,X11,X12,X13,X16",0.650000,0.350000,0.410000,0.804102,0.190476,0.650271,0.459930,0.120109,0.080617,0.540070
Fixed_2012,manual fixed boundary,2012,1999-2011,2012-2014,fs,19,9,"X1,X4,X6,X9,X11,X12,X13,X16",0.600000,0.400000,0.390000,0.809807,0.191474,0.661270,0.477352,0.119755,0.083952,0.522648
Fixed_2012,manual fixed boundary,2012,1999-2011,2012-2014,fs,19,9,"X1,X4,X6,X9,X11,X12,X13,X16",0.550000,0.450000,0.350000,0.814620,0.185592,0.690418,0.529617,0.112509,0.099958,0.470383
Fixed_2012,manual fixed boundary,2012,1999-2011,2012-2014,fs,19,9,"X1,X4,X6,X9,X11,X12,X13,X16",0.500000,0.500000,0.350000,0.818772,0.194353,0.684766,0.515679,0.119741,0.090704,0.484321
Fixed_2012,manual fixed boundary,2012,1999-2011,2012-2014,fs,19,9,"X1,X4,X6,X9,X11,X12,X13,X16",0.450000,0.550000,0.380000,0.822312,0.212733,0.665559,0.477352,0.136863,0.072030,0.522648
Fixed_2012,manual fixed boundary,2012,1999-2011,2012-2014,fs,19,9,"X1,X4,X6,X9,X11,X12,X13,X16",0.400000,0.600000,0.360000,0.825324,0.210526,0.675888,0.494774,0.133710,0.076699,0.505226
Fixed_2012,manual fixed boundary,2012,1999-2011,2012-2014,fs,19,9,"X1,X4,X6,X9,X11,X12,X13,X16",0.350000,0.650000,0.360000,0.827820,0.213313,0.674294,0.491289,0.136232,0.074531,0.508711
Fixed_2012,manual fixed boundary,2012,1999-2011,2012-2014,fs,19,9,"X1,X4,X6,X9,X11,X12,X13,X16",0.300000,0.700000,0.350000,0.829791,0.214180,0.682929,0.505226,0.135895,0.076865,0.494774
Fixed_2012,manual fixed boundary,2012,1999-2011,2012-2014,fs,19,9,"X1,X4,X6,X9,X11,X12,X13,X16",0.250000,0.750000,0.410000,0.831361,0.229358,0.641032,0.435540,0.155666,0.056524,0.564460
Fixed_2012,manual fixed boundary,2012,1999-2011,2012-2014,fs,19,9,"X1,X4,X6,X9,X11,X12,X13,X16",0.200000,0.800000,0.340000,0.832584,0.209131,0.675614,0.494774,0.132586,0.077449,0.505226
Fixed_2012,manual fixed boundary,2012,1999-2011,2012-2014,fs,19,9,"X1,X4,X6,X9,X11,X12,X13,X16",0.150000,0.850000,0.370000,0.833410,0.220243,0.664672,0.473868,0.143460,0.067695,0.526132
Fixed_2012,manual fixed boundary,2012,1999-2011,2012-2014,fs,19,9,"X1,X4,X6,X9,X11,X12,X13,X16",0.100000,0.900000,0.280000,0.833792,0.195214,0.698907,0.540070,0.119139,0.095540,0.459930
Fixed_2012,manual fixed boundary,2012,1999-2011,2012-2014,fs,19,9,"X1,X4,X6,X9,X11,X12,X13,X16",0.050000,0.950000,0.360000,0.833406,0.208696,0.653829,0.459930,0.134969,0.070529,0.540070
Fixed_2012,manual fixed boundary,2012,1999-2011,2012-2014,fs,19,9,"X1,X4,X6,X9,X11,X12,X13,X16",0.000000,1.000000,0.290000,0.831124,0.199735,0.692116,0.526132,0.123265,0.089537,0.473868
ROSS_2008,ROSS selected boundary,2008,1999-2007,2008-2014,no_fs,19,19,,1.000000,0.000000,0.350000,0.683501,0.092576,0.547068,0.351916,0.053298,0.149562,0.648084
ROSS_2008,ROSS selected boundary,2008,1999-2007,2008-2014,no_fs,19,19,,0.950000,0.050000,0.270000,0.711617,0.088185,0.594546,0.445993,0.048930,0.207420,0.554007
ROSS_2008,ROSS selected boundary,2008,1999-2007,2008-2014,no_fs,19,19,,0.900000,0.100000,0.330000,0.732216,0.098420,0.567624,0.379791,0.056535,0.151647,0.620209
ROSS_2008,ROSS selected boundary,2008,1999-2007,2008-2014,no_fs,19,19,,0.850000,0.150000,0.300000,0.749367,0.100536,0.594619,0.425087,0.057009,0.168237,0.574913
ROSS_2008,ROSS selected boundary,2008,1999-2007,2008-2014,no_fs,19,19,,0.800000,0.200000,0.320000,0.764163,0.107834,0.589615,0.407666,0.062135,0.147228,0.592334
ROSS_2008,ROSS selected boundary,2008,1999-2007,2008-2014,no_fs,19,19,,0.750000,0.250000,0.340000,0.777158,0.120608,0.591964,0.400697,0.070988,0.125469,0.599303
ROSS_2008,ROSS selected boundary,2008,1999-2007,2008-2014,no_fs,19,19,,0.700000,0.300000,0.350000,0.789010,0.127954,0.586217,0.386760,0.076657,0.111463,0.613240
ROSS_2008,ROSS selected boundary,2008,1999-2007,2008-2014,no_fs,19,19,,0.650000,0.350000,0.300000,0.799419,0.134821,0.657893,0.505226,0.077790,0.143310,0.494774
ROSS_2008,ROSS selected boundary,2008,1999-2007,2008-2014,no_fs,19,19,,0.600000,0.400000,0.340000,0.808744,0.156431,0.647493,0.470383,0.093815,0.108712,0.529617
ROSS_2008,ROSS selected boundary,2008,1999-2007,2008-2014,no_fs,19,19,,0.550000,0.450000,0.370000,0.816852,0.170391,0.623565,0.425087,0.106550,0.085286,0.574913
ROSS_2008,ROSS selected boundary,2008,1999-2007,2008-2014,no_fs,19,19,,0.500000,0.500000,0.370000,0.823873,0.185980,0.644916,0.452962,0.117012,0.081784,0.547038
ROSS_2008,ROSS selected boundary,2008,1999-2007,2008-2014,no_fs,19,19,,0.450000,0.550000,0.370000,0.829844,0.202752,0.670081,0.487805,0.127971,0.079533,0.512195
ROSS_2008,ROSS selected boundary,2008,1999-2007,2008-2014,no_fs,19,19,,0.400000,0.600000,0.290000,0.834940,0.174003,0.716475,0.585366,0.102190,0.123051,0.414634
ROSS_2008,ROSS selected boundary,2008,1999-2007,2008-2014,no_fs,19,19,,0.350000,0.650000,0.300000,0.839392,0.183324,0.716181,0.578397,0.108924,0.113214,0.421603
ROSS_2008,ROSS selected boundary,2008,1999-2007,2008-2014,no_fs,19,19,,0.300000,0.700000,0.310000,0.843215,0.191202,0.713107,0.567944,0.114951,0.104627,0.432056
ROSS_2008,ROSS selected boundary,2008,1999-2007,2008-2014,no_fs,19,19,,0.250000,0.750000,0.240000,0.846641,0.169719,0.751514,0.662021,0.097336,0.146895,0.337979
ROSS_2008,ROSS selected boundary,2008,1999-2007,2008-2014,no_fs,19,19,,0.200000,0.800000,0.310000,0.849564,0.198337,0.722644,0.581882,0.119542,0.102543,0.418118
ROSS_2008,ROSS selected boundary,2008,1999-2007,2008-2014,no_fs,19,19,,0.150000,0.850000,0.310000,0.852006,0.198922,0.720945,0.578397,0.120116,0.101376,0.421603
ROSS_2008,ROSS selected boundary,2008,1999-2007,2008-2014,no_fs,19,19,,0.100000,0.900000,0.290000,0.853735,0.194491,0.732464,0.602787,0.115952,0.109962,0.397213
ROSS_2008,ROSS selected boundary,2008,1999-2007,2008-2014,no_fs,19,19,,0.050000,0.950000,0.270000,0.854536,0.190981,0.743663,0.627178,0.112641,0.118216,0.372822
ROSS_2008,ROSS selected boundary,2008,1999-2007,2008-2014,no_fs,19,19,,0.000000,1.000000,0.260000,0.854152,0.185280,0.741622,0.627178,0.108696,0.123051,0.372822
ROSS_2008,ROSS selected boundary,2008,1999-2007,2008-2014,fs,19,9,"X1,X4,X6,X9,X11,X12,X13,X16",1.000000,0.000000,0.450000,0.675136,0.099393,0.525452,0.313589,0.059055,0.119550,0.686411
ROSS_2008,ROSS selected boundary,2008,1999-2007,2008-2014,fs,19,9,"X1,X4,X6,X9,X11,X12,X13,X16",0.950000,0.050000,0.430000,0.696671,0.101480,0.540754,0.334495,0.059813,0.125802,0.665505
ROSS_2008,ROSS selected boundary,2008,1999-2007,2008-2014,fs,19,9,"X1,X4,X6,X9,X11,X12,X13,X16",0.900000,0.100000,0.430000,0.714129,0.106136,0.542890,0.334495,0.063075,0.118883,0.665505
ROSS_2008,ROSS selected boundary,2008,1999-2007,2008-2014,fs,19,9,"X1,X4,X6,X9,X11,X12,X13,X16",0.850000,0.150000,0.450000,0.729485,0.115796,0.536862,0.320557,0.070661,0.100875,0.679443
ROSS_2008,ROSS selected boundary,2008,1999-2007,2008-2014,fs,19,9,"X1,X4,X6,X9,X11,X12,X13,X16",0.800000,0.200000,0.450000,0.743318,0.122853,0.541671,0.324042,0.075795,0.094539,0.675958
ROSS_2008,ROSS selected boundary,2008,1999-2007,2008-2014,fs,19,9,"X1,X4,X6,X9,X11,X12,X13,X16",0.750000,0.250000,0.400000,0.755967,0.127590,0.599220,0.407666,0.075630,0.119216,0.592334
ROSS_2008,ROSS selected boundary,2008,1999-2007,2008-2014,fs,19,9,"X1,X4,X6,X9,X11,X12,X13,X16",0.700000,0.300000,0.420000,0.767539,0.139477,0.592432,0.390244,0.084913,0.100625,0.609756
ROSS_2008,ROSS selected boundary,2008,1999-2007,2008-2014,fs,19,9,"X1,X4,X6,X9,X11,X12,X13,X16",0.650000,0.350000,0.420000,0.778158,0.145525,0.596558,0.393728,0.089258,0.096123,0.606272
ROSS_2008,ROSS selected boundary,2008,1999-2007,2008-2014,fs,19,9,"X1,X4,X6,X9,X11,X12,X13,X16",0.600000,0.400000,0.430000,0.787651,0.157932,0.599905,0.393728,0.098776,0.085952,0.606272
ROSS_2008,ROSS selected boundary,2008,1999-2007,2008-2014,fs,19,9,"X1,X4,X6,X9,X11,X12,X13,X16",0.550000,0.450000,0.450000,0.796137,0.175911,0.599084,0.386760,0.113846,0.072030,0.613240
ROSS_2008,ROSS selected boundary,2008,1999-2007,2008-2014,fs,19,9,"X1,X4,X6,X9,X11,X12,X13,X16",0.500000,0.500000,0.430000,0.803670,0.180245,0.632564,0.435540,0.113636,0.081284,0.564460
ROSS_2008,ROSS selected boundary,2008,1999-2007,2008-2014,fs,19,9,"X1,X4,X6,X9,X11,X12,X13,X16",0.450000,0.550000,0.400000,0.810332,0.180412,0.664871,0.487805,0.110672,0.093789,0.512195
ROSS_2008,ROSS selected boundary,2008,1999-2007,2008-2014,fs,19,9,"X1,X4,X6,X9,X11,X12,X13,X16",0.400000,0.600000,0.420000,0.816056,0.183473,0.646539,0.456446,0.114812,0.084202,0.543554
ROSS_2008,ROSS selected boundary,2008,1999-2007,2008-2014,fs,19,9,"X1,X4,X6,X9,X11,X12,X13,X16",0.350000,0.650000,0.430000,0.820925,0.189655,0.650094,0.459930,0.119457,0.081117,0.540070
ROSS_2008,ROSS selected boundary,2008,1999-2007,2008-2014,fs,19,9,"X1,X4,X6,X9,X11,X12,X13,X16",0.300000,0.700000,0.430000,0.825090,0.192667,0.655089,0.466899,0.121377,0.080867,0.533101
ROSS_2008,ROSS selected boundary,2008,1999-2007,2008-2014,fs,19,9,"X1,X4,X6,X9,X11,X12,X13,X16",0.250000,0.750000,0.440000,0.828649,0.197349,0.656069,0.466899,0.125117,0.078116,0.533101
ROSS_2008,ROSS selected boundary,2008,1999-2007,2008-2014,fs,19,9,"X1,X4,X6,X9,X11,X12,X13,X16",0.200000,0.800000,0.440000,0.831661,0.199134,0.665066,0.480836,0.125569,0.080117,0.519164
ROSS_2008,ROSS selected boundary,2008,1999-2007,2008-2014,fs,19,9,"X1,X4,X6,X9,X11,X12,X13,X16",0.150000,0.850000,0.420000,0.834304,0.196440,0.687296,0.519164,0.121138,0.090121,0.480836
ROSS_2008,ROSS selected boundary,2008,1999-2007,2008-2014,fs,19,9,"X1,X4,X6,X9,X11,X12,X13,X16",0.100000,0.900000,0.440000,0.836744,0.201669,0.680334,0.505226,0.125977,0.083868,0.494774
ROSS_2008,ROSS selected boundary,2008,1999-2007,2008-2014,fs,19,9,"X1,X4,X6,X9,X11,X12,X13,X16",0.050000,0.950000,0.460000,0.838767,0.209199,0.673504,0.491289,0.132893,0.076699,0.508711
ROSS_2008,ROSS selected boundary,2008,1999-2007,2008-2014,fs,19,9,"X1,X4,X6,X9,X11,X12,X13,X16",0.000000,1.000000,0.480000,0.840127,0.214230,0.665828,0.477352,0.138105,0.071280,0.522648
