test_feature_year,test_event_year,validation_feature_year,validation_event_year,method,n_validation,n_validation_positive,n_test,n_test_positive,prevalence,f1_threshold_from_validation,fpr5_threshold_from_validation,validation_AUC,validation_PR_AUC,validation_F1,validation_G_Mean,validation_Recall,validation_Precision,validation_Balanced_Accuracy,validation_Cohen_Kappa,validation_Type1_Error,validation_Type2_Error,validation_Recall_at_5pctFPR,validation_Precision_at_5pctFPR,validation_Realized_FPR_at_5pctFPR,validation_Alerts_at_5pctFPR,AUC,PR_AUC,F1,G_Mean,Recall,Precision,Balanced_Accuracy,Cohen_Kappa,Type1_Error,Type2_Error,Recall_at_5pctFPR,Precision_at_5pctFPR,Realized_FPR_at_5pctFPR,Alerts_at_5pctFPR,seed,protocol_version,imbalance_method
2009,2010,2008,2009,Recent3y,3857,58,3743,23,0.00614480363345,0.17,0.0327948890626,0.835778017809,0.117069173605,0.206349206349,0.469992527031,0.224137931034,0.191176470588,0.604830218479,0.193254882931,0.0144774940774,0.775862068966,0.465517241379,0.129807692308,0.0476441168729,208,0.774941561477,0.0337253903853,0.0425531914894,0.207868813595,0.0434782608696,0.0416666666667,0.518647732585,0.0365067470555,0.00618279569892,0.95652173913,0.173913043478,0.040404040404,0.0255376344086,99,42,study3b_overlap_event_target_v1_financial18_exploratory,none
2009,2010,2008,2009,B_data_equal,3857,58,3743,23,0.00614480363345,0.07,0.0634035989642,0.813521707164,0.0970059170851,0.20618556701,0.578185523517,0.344827586207,0.147058823529,0.657146617531,0.18908860559,0.030534351145,0.655172413793,0.362068965517,0.143835616438,0.0329033956304,146,0.811255259467,0.0573195996179,0.0526315789474,0.292855554628,0.0869565217391,0.0377358490566,0.53662342216,0.0444420806297,0.0137096774194,0.913043478261,0.130434782609,0.0491803278689,0.0155913978495,61,42,study3b_overlap_event_target_v1_financial18_exploratory,none
2009,2010,2008,2009,B_model_FIFO3_equal,3857,58,3743,23,0.00614480363345,0.2,0.0338043682277,0.871744833032,0.119579445483,0.209523809524,0.433425848621,0.189655172414,0.234042553191,0.590089497236,0.198737025477,0.00947617794156,0.810344827586,0.413793103448,0.114285714286,0.0489602526981,210,0.809946236559,0.0370406153973,0,0,0,0,0.498655913978,-0.00373804435271,0.00268817204301,1,0.260869565217,0.0576923076923,0.0263440860215,104,42,study3b_overlap_event_target_v1_financial18_exploratory,none
2010,2011,2009,2010,Recent3y,3743,23,3625,35,0.00965517241379,0.2,0.0168427266181,0.802676484338,0.069161900122,0.205128205128,0.416355657654,0.173913043478,0.25,0.585343618513,0.20110024029,0.00322580645161,0.826086956522,0.347826086957,0.0583941605839,0.0346774193548,137,0.801949860724,0.0948932455931,0.0851063829787,0.238712556936,0.0571428571429,0.166666666667,0.527178670911,0.0805733329401,0.00278551532033,0.942857142857,0.171428571429,0.0731707317073,0.0211699164345,82,42,study3b_overlap_event_target_v1_financial18_exploratory,none
2010,2011,2009,2010,B_data_equal,3743,23,3625,35,0.00965517241379,0.23,0.0177161712199,0.815801776531,0.0416728692273,0.142857142857,0.36038003939,0.130434782609,0.157894736842,0.56306685367,0.138065143413,0.00430107526882,0.869565217391,0.260869565217,0.05,0.0306451612903,120,0.843294866693,0.0944923886435,0.133333333333,0.292484452228,0.0857142857143,0.3,0.541882212495,0.129598276127,0.00194986072423,0.914285714286,0.142857142857,0.0549450549451,0.0239554317549,91,42,study3b_overlap_event_target_v1_financial18_exploratory,none
2010,2011,2009,2010,B_model_FIFO3_equal,3743,23,3625,35,0.00965517241379,0.07,0.0216929018497,0.811021505376,0.0565066644053,0.153846153846,0.507378931455,0.260869565217,0.109090909091,0.623848761103,0.146449499696,0.0131720430108,0.739130434783,0.347826086957,0.0536912751678,0.0379032258065,149,0.827027457222,0.0843507843313,0.0882352941176,0.291544182494,0.0857142857143,0.0909090909091,0.538678869877,0.0796101396454,0.008356545961,0.914285714286,0.171428571429,0.0618556701031,0.025348189415,97,42,study3b_overlap_event_target_v1_financial18_exploratory,none
2011,2012,2010,2011,Recent3y,3625,35,3513,25,0.00711642470823,0.42,0.0037156296894,0.779124552328,0.0888917543876,0.108108108108,0.239045721867,0.0571428571429,1,0.528571428571,0.107176176438,0,0.942857142857,0.285714285714,0.0546448087432,0.0481894150418,183,0.896433486239,0.161419133518,0.148148148148,0.282842712475,0.08,1,0.54,0.14724910555,0,0.92,0.56,0.0645161290323,0.0581995412844,217,42,study3b_overlap_event_target_v1_financial18_exploratory,none
2011,2012,2010,2011,B_data_equal,3625,35,3513,25,0.00711642470823,0.11,0.0107906553894,0.782881018703,0.0803006260151,0.127659574468,0.292402809672,0.0857142857143,0.25,0.541603660963,0.123337363966,0.0025069637883,0.914285714286,0.171428571429,0.0722891566265,0.0214484679666,83,0.892098623853,0.125149355843,0.121212121212,0.282599337085,0.08,0.25,0.539139908257,0.118169463944,0.00172018348624,0.92,0.32,0.0851063829787,0.0246559633028,94,42,study3b_overlap_event_target_v1_financial18_exploratory,none
2011,2012,2010,2011,B_model_FIFO3_equal,3625,35,3513,25,0.00711642470823,0.42,0.00853238627315,0.829144448866,0.0988673876792,0.108108108108,0.239045721867,0.0571428571429,1,0.528571428571,0.107176176438,0,0.942857142857,0.314285714286,0.0666666666667,0.0428969359331,165,0.874667431193,0.135080996859,0.0714285714286,0.199942652329,0.04,0.333333333333,0.519713302752,0.0700103854848,0.000573394495413,0.96,0.56,0.0710659898477,0.0524655963303,197,42,study3b_overlap_event_target_v1_financial18_exploratory,none
2012,2013,2011,2012,Recent3y,3513,25,3485,26,0.00746054519369,0.02,0.00422560004517,0.913199541284,0.148762656556,0.181818181818,0.487433834607,0.24,0.146341463415,0.614982798165,0.17451959897,0.0100344036697,0.76,0.48,0.0816326530612,0.0387041284404,147,0.882102430671,0.150519137255,0.225,0.584508805521,0.346153846154,0.166666666667,0.666572152912,0.21711498884,0.0130095403296,0.653846153846,0.615384615385,0.0837696335079,0.0505926568372,191,42,study3b_overlap_event_target_v1_financial18_exploratory,none
2012,2013,2011,2012,B_data_equal,3513,25,3485,26,0.00746054519369,0.06,0.00594181660563,0.87994266055,0.189522971144,0.260869565217,0.488843420645,0.24,0.285714285714,0.617849770642,0.256035578145,0.0043004587156,0.76,0.52,0.0718232044199,0.0481651376147,181,0.911079235884,0.231472238594,0.31746031746,0.617748478752,0.384615384615,0.27027027027,0.688404830209,0.311426221448,0.00780572419775,0.615384615385,0.615384615385,0.078431372549,0.054350968488,204,42,study3b_overlap_event_target_v1_financial18_exploratory,none
2012,2013,2011,2012,B_model_FIFO3_equal,3513,25,3485,26,0.00746054519369,0.09,0.0074448552914,0.901009174312,0.159629220504,0.19512195122,0.399311333779,0.16,0.25,0.578279816514,0.190626461779,0.00344036697248,0.84,0.64,0.0958083832335,0.0432912844037,167,0.904763493228,0.219955925402,0.244897959184,0.479202530998,0.230769230769,0.260869565217,0.612927257767,0.239572091597,0.00491471523562,0.769230769231,0.461538461538,0.0641711229947,0.0505926568372,187,42,study3b_overlap_event_target_v1_financial18_exploratory,none
2013,2014,2012,2013,Recent3y,3485,26,3484,28,0.00803673938002,0.1,0.019694333896,0.874241110147,0.286888906304,0.444444444444,0.619366330005,0.384615384615,0.526315789474,0.691006738275,0.44092224568,0.00260190806592,0.615384615385,0.461538461538,0.214285714286,0.0127204394334,56,0.777860449735,0.0882164897078,0.136363636364,0.326710623257,0.107142857143,0.1875,0.551690641534,0.131286089239,0.00376157407407,0.892857142857,0.178571428571,0.116279069767,0.0109953703704,43,42,study3b_overlap_event_target_v1_financial18_exploratory,none
2013,2014,2012,2013,B_data_equal,3485,26,3484,28,0.00803673938002,0.06,0.00738512724638,0.902328374141,0.189208458244,0.259259259259,0.517297049325,0.269230769231,0.25,0.631579825205,0.253483564857,0.00607111882047,0.730769230769,0.538461538462,0.0903225806452,0.040763226366,155,0.832806299603,0.0531498549307,0.102564102564,0.266913018648,0.0714285714286,0.181818181818,0.534412202381,0.0984770072453,0.00260416666667,0.928571428571,0.25,0.0534351145038,0.0358796296296,131,42,study3b_overlap_event_target_v1_financial18_exploratory,none
2013,2014,2012,2013,B_model_FIFO3_equal,3485,26,3484,28,0.00803673938002,0.04,0.00540440669283,0.887795494474,0.278536540947,0.379310344828,0.648466169362,0.423076923077,0.34375,0.708502902128,0.374158211368,0.00607111882047,0.576923076923,0.576923076923,0.0877192982456,0.0450997398092,171,0.864955357143,0.15001099523,0.214285714286,0.461434314918,0.214285714286,0.214285714286,0.603959986772,0.207919973545,0.00636574074074,0.785714285714,0.321428571429,0.0588235294118,0.0416666666667,153,42,study3b_overlap_event_target_v1_financial18_exploratory,none
2014,2015,2013,2014,Recent3y,3484,28,3504,33,0.00941780821918,0.06,0.00294417422265,0.841610863095,0.0902829263032,0.212765957447,0.421720344472,0.178571428571,0.263157894737,0.587260251323,0.207617221116,0.00405092592593,0.821428571429,0.357142857143,0.0549450549451,0.0497685185185,182,0.850955536349,0.0758548280143,0.173913043478,0.424554730951,0.181818181818,0.166666666667,0.586587569734,0.165714285714,0.00864304235091,0.818181818182,0.454545454545,0.0773195876289,0.0515701526937,194,42,study3b_overlap_event_target_v1_financial18_exploratory,none
2014,2015,2013,2014,B_data_equal,3484,28,3504,33,0.00941780821918,0.07,0.0120737794787,0.81017485119,0.144039417483,0.243902439024,0.422087750098,0.178571428571,0.384615384615,0.588128306878,0.240029271862,0.00231481481481,0.821428571429,0.357142857143,0.10752688172,0.0240162037037,93,0.857730284697,0.0768021769535,0.194444444444,0.458438234291,0.212121212121,0.179487179487,0.601450983473,0.186140945241,0.0092192451743,0.787878787879,0.272727272727,0.0833333333333,0.028522039758,108,42,study3b_overlap_event_target_v1_financial18_exploratory,none
2014,2015,2013,2014,B_model_FIFO3_equal,3484,28,3504,33,0.00941780821918,0.07,0.00407136045396,0.845320767196,0.0940230747369,0.227272727273,0.421904087279,0.178571428571,0.3125,0.587694279101,0.222729658793,0.00318287037037,0.821428571429,0.357142857143,0.0549450549451,0.0497685185185,182,0.864522493736,0.0729071006156,0.0740740740741,0.245508263538,0.0606060606061,0.0952380952381,0.527566066892,0.0672416546877,0.00547392682224,0.939393939394,0.424242424242,0.0736842105263,0.0507058484587,190,42,study3b_overlap_event_target_v1_financial18_exploratory,none
2015,2016,2014,2015,Recent3y,3504,33,3354,33,0.00983899821109,0.01,0.00300982268527,0.891368307099,0.0895786024393,0.178217821782,0.517775491022,0.272727272727,0.132352941176,0.627864644719,0.167662614191,0.0169979832901,0.727272727273,0.424242424242,0.0891719745223,0.0411985018727,157,0.856094823574,0.155819977039,0.179104477612,0.594887565578,0.363636363636,0.118811881188,0.668418603378,0.166745714479,0.0267991568805,0.636363636364,0.484848484848,0.0776699029126,0.0572116832279,206,42,study3b_overlap_event_target_v1_financial18_exploratory,none
2015,2016,2014,2015,B_data_equal,3504,33,3354,33,0.00983899821109,0.12,0.00490298680961,0.864033594371,0.0702003162829,0.175438596491,0.388182648586,0.151515151515,0.208333333333,0.573020612346,0.168846899225,0.00547392682224,0.848484848485,0.393939393939,0.070652173913,0.0492653414002,184,0.86582172219,0.198799599888,0.229508196721,0.459107705856,0.212121212121,0.25,0.602898907777,0.222485277145,0.0063233965673,0.787878787879,0.575757575758,0.0805084745763,0.0653417645288,236,42,study3b_overlap_event_target_v1_financial18_exploratory,none
2015,2016,2014,2015,B_model_FIFO3_equal,3504,33,3354,33,0.00983899821109,0.02,0.00653169304132,0.889980182115,0.0901662172579,0.194174757282,0.545703303586,0.30303030303,0.142857142857,0.642872109164,0.183725708127,0.0172860847018,0.69696969697,0.424242424242,0.106870229008,0.0337078651685,131,0.884107561614,0.180493025326,0.220183486239,0.597183905335,0.363636363636,0.157894736842,0.672182529906,0.209335219236,0.0192713038241,0.636363636364,0.575757575758,0.127516778523,0.0391448358928,149,42,study3b_overlap_event_target_v1_financial18_exploratory,none
2016,2017,2015,2016,Recent3y,3354,33,3191,29,0.00908806016923,0.16,0.00824345462024,0.879764218518,0.177346324287,0.241379310345,0.45931634377,0.212121212121,0.28,0.60335057896,0.234889725324,0.00542005420054,0.787878787879,0.454545454545,0.110294117647,0.0364348087925,136,0.873017950228,0.106526301685,0.146341463415,0.32117570122,0.103448275862,0.25,0.550300988026,0.141775848158,0.00284629981025,0.896551724138,0.379310344828,0.101851851852,0.0306767868438,108,42,study3b_overlap_event_target_v1_financial18_exploratory,none
2016,2017,2015,2016,B_data_equal,3354,33,3191,29,0.00908806016923,0.11,0.00942018441856,0.868066391102,0.215144762002,0.296296296296,0.491401339747,0.242424242424,0.380952380952,0.619254879417,0.29086963779,0.00391448358928,0.757575757576,0.515151515152,0.106918238994,0.0427582053598,159,0.88862352505,0.256016504993,0.32,0.524144933379,0.275862068966,0.380952380952,0.635875373509,0.314768966476,0.00411132194813,0.724137931034,0.551724137931,0.111888111888,0.0401644528779,143,42,study3b_overlap_event_target_v1_financial18_exploratory,none
2016,2017,2015,2016,B_model_FIFO3_equal,3354,33,3191,29,0.00908806016923,0.07,0.0055768317543,0.893131860612,0.184334099969,0.281690140845,0.54815636029,0.30303030303,0.263157894737,0.647299553804,0.274044460289,0.00843119542307,0.69696969697,0.606060606061,0.109289617486,0.0490816019271,183,0.883923313486,0.217004862143,0.327272727273,0.555586453226,0.310344827586,0.346153846154,0.65248424175,0.321442323718,0.00537634408602,0.689655172414,0.586206896552,0.0960451977401,0.0506008855155,177,42,study3b_overlap_event_target_v1_financial18_exploratory,none
2017,2018,2016,2017,Recent3y,3191,29,3014,21,0.00696748506967,0.03,0.00366025860421,0.873737704203,0.14077600132,0.246153846154,0.52289508278,0.275862068966,0.222222222222,0.633503457,0.238487875438,0.00885515496521,0.724137931034,0.413793103448,0.0727272727273,0.0483870967742,165,0.871875646349,0.118551564984,0.0869565217391,0.307418653988,0.0952380952381,0.08,0.543776748922,0.0799889530067,0.00768459739392,0.904761904762,0.380952380952,0.0536912751678,0.047109923154,149,42,study3b_overlap_event_target_v1_financial18_exploratory,none
2017,2018,2016,2017,B_data_equal,3191,29,3014,21,0.00696748506967,0.05,0.00761724449694,0.874337499182,0.135292680805,0.215384615385,0.489045520993,0.241379310345,0.194444444444,0.616103949923,0.207405747905,0.00917141049968,0.758620689655,0.379310344828,0.0887096774194,0.0357368753953,124,0.88614704151,0.104180000177,0.117647058824,0.37625579272,0.142857142857,0.1,0.566918046871,0.110354598764,0.0090210491146,0.857142857143,0.380952380952,0.0672268907563,0.0370865352489,119,42,study3b_overlap_event_target_v1_financial18_exploratory,none
2017,2018,2016,2017,B_model_FIFO3_equal,3191,29,3014,21,0.00696748506967,0.09,0.0065713240765,0.900979301621,0.199601625856,0.367346938776,0.556116171878,0.310344827586,0.45,0.653433008354,0.36261831584,0.00347881087919,0.689655172414,0.586206896552,0.118881118881,0.0398481973435,143,0.887531223649,0.126701842093,0.181818181818,0.435048296022,0.190476190476,0.173913043478,0.592064022401,0.175814660084,0.00634814567324,0.809523809524,0.428571428571,0.0769230769231,0.0360841964584,117,42,study3b_overlap_event_target_v1_financial18_exploratory,none
2018,2019,2017,2018,Recent3y,3014,21,2723,36,0.0132207124495,0.03,0.00351682328619,0.862711405979,0.107136839232,0.181818181818,0.485580341306,0.238095238095,0.147058823529,0.61420298156,0.174708838885,0.00968927497494,0.761904761905,0.380952380952,0.0551724137931,0.0457734714333,145,0.853337054956,0.256016958243,0.356164383562,0.59823549279,0.361111111111,0.351351351351,0.676089608403,0.34741860643,0.00893189430592,0.638888888889,0.5,0.125874125874,0.0465202828433,143,42,study3b_overlap_event_target_v1_financial18_exploratory,none
2018,2019,2017,2018,B_data_equal,3014,21,2723,36,0.0132207124495,0.06,0.00980753079057,0.826197635753,0.111035348947,0.2,0.435340765498,0.190476190476,0.210526315789,0.592732248262,0.194669427698,0.00501169395256,0.809523809524,0.333333333333,0.0853658536585,0.0250584697628,82,0.80382913617,0.203475451121,0.253521126761,0.497575064982,0.25,0.257142857143,0.620161890584,0.243662643531,0.00967621883141,0.75,0.388888888889,0.133333333333,0.0338667659099,105,42,study3b_overlap_event_target_v1_financial18_exploratory,none
2018,2019,2017,2018,B_model_FIFO3_equal,3014,21,2723,36,0.0132207124495,0.03,0.00453928252682,0.884667398533,0.122313068116,0.181818181818,0.531028542607,0.285714285714,0.133333333333,0.636341940719,0.173969974725,0.0130304042766,0.714285714286,0.47619047619,0.0671140939597,0.0464416972937,149,0.855053136501,0.228267768685,0.298850574713,0.596660890154,0.361111111111,0.254901960784,0.673484472563,0.287811550022,0.0141421659844,0.638888888889,0.5,0.123287671233,0.0476367696316,146,42,study3b_overlap_event_target_v1_financial18_exploratory,none
