test_year,validation_year,method,threshold,validation_AUC,validation_F1,validation_G_Mean,validation_Recall,validation_Precision,validation_Type1_Error,validation_Type2_Error,AUC,F1,G_Mean,Recall,Precision,Type1_Error,Type2_Error
2009,2008,Retrain_under,0.25000000,0.77051675,0.30508475,0.54565891,0.31690141,0.29411765,0.06045340,0.68309859,0.77319128,0.27291242,0.52040495,0.28632479,0.26070039,0.05414648,0.71367521
2009,2008,New_under,0.16000000,0.80521359,0.33012048,0.65358615,0.48239437,0.25091575,0.11446963,0.51760563,0.77826127,0.28951256,0.61451383,0.41880342,0.22121896,0.09831861,0.58119658
2009,2008,Equal6,0.29000000,0.77039159,0.29990263,0.67295201,0.54225352,0.20726783,0.16484747,0.45774648,0.77163241,0.28480340,0.69219875,0.57264957,0.18953324,0.16329439,0.42735043
2009,2008,DAWCE_AUC,0.56000000,0.79386478,0.33392540,0.56022173,0.33098592,0.33691756,0.05177722,0.66901408,0.78626998,0.32835821,0.56057402,0.32905983,0.32765957,0.04502707,0.67094017
2009,2008,AdaptiveChoice_AUC,0.16000000,0.80521359,0.33012048,0.65358615,0.48239437,0.25091575,0.11446963,0.51760563,0.77826127,0.28951256,0.61451383,0.41880342,0.22121896,0.09831861,0.58119658
2010,2009,Retrain_under,0.23000000,0.78756945,0.35632184,0.61265801,0.39743590,0.32291667,0.05557139,0.60256410,0.77677502,0.26834382,0.52609411,0.29357798,0.24710425,0.05723510,0.70642202
2010,2009,New_under,0.14000000,0.82615886,0.38356164,0.63042807,0.41880342,0.35379061,0.05101168,0.58119658,0.82316224,0.33620690,0.58322813,0.35779817,0.31707317,0.04931024,0.64220183
2010,2009,Equal6,0.41000000,0.80489486,0.39560440,0.65932265,0.46153846,0.34615385,0.05813622,0.53846154,0.79269340,0.26804124,0.52961025,0.29816514,0.24344569,0.05928970,0.70183486
2010,2009,DAWCE_AUC,0.39000000,0.81589588,0.38664323,0.66328214,0.47008547,0.32835821,0.06412083,0.52991453,0.81384252,0.31401869,0.59914066,0.38532110,0.26498423,0.06838861,0.61467890
2010,2009,AdaptiveChoice_AUC,0.14000000,0.82615886,0.38356164,0.63042807,0.41880342,0.35379061,0.05101168,0.58119658,0.82316224,0.33620690,0.58322813,0.35779817,0.31707317,0.04931024,0.64220183
2011,2010,Retrain_under,0.18000000,0.80372170,0.32246377,0.61554757,0.40825688,0.26646707,0.07191077,0.59174312,0.79185135,0.31153846,0.62185617,0.41752577,0.24846626,0.07381741,0.58247423
2011,2010,New_under,0.20000000,0.86043844,0.42592593,0.63789219,0.42201835,0.42990654,0.03580863,0.57798165,0.80592061,0.37037037,0.60889788,0.38659794,0.35545024,0.04097620,0.61340206
2011,2010,Equal6,0.49000000,0.80233626,0.31552163,0.52437663,0.28440367,0.35428571,0.03316701,0.71559633,0.76014854,0.27642276,0.50305565,0.26288660,0.29142857,0.03736065,0.73711340
2011,2010,DAWCE_AUC,0.43000000,0.84596742,0.37575758,0.63526849,0.42660550,0.33574007,0.05400646,0.57339450,0.79083875,0.32780083,0.61771657,0.40721649,0.27430556,0.06297077,0.59278351
2011,2010,AdaptiveChoice_AUC,0.20000000,0.86043844,0.42592593,0.63789219,0.42201835,0.42990654,0.03580863,0.57798165,0.80592061,0.37037037,0.60889788,0.38659794,0.35545024,0.04097620,0.61340206
2012,2011,Retrain_under,0.26000000,0.81788080,0.36553525,0.58982003,0.36082474,0.37037037,0.03585417,0.63917526,0.79880262,0.32432432,0.56293404,0.32967033,0.31914894,0.03875265,0.67032967
2012,2011,New_under,0.26000000,0.83782533,0.38961039,0.61080785,0.38659794,0.39267016,0.03495029,0.61340206,0.83557239,0.34188034,0.56461590,0.32967033,0.35502959,0.03300030,0.67032967
2012,2011,Equal6,0.44000000,0.77607216,0.36144578,0.60794064,0.38659794,0.33936652,0.04398915,0.61340206,0.78406078,0.26666667,0.53920128,0.30769231,0.23529412,0.05510142,0.69230769
2012,2011,DAWCE_AUC,0.55000000,0.81306008,0.39889197,0.60042570,0.37113402,0.43113772,0.02862308,0.62886598,0.80766569,0.33802817,0.56426224,0.32967033,0.34682081,0.03421132,0.67032967
2012,2011,AdaptiveChoice_AUC,0.26000000,0.83782533,0.38961039,0.61080785,0.38659794,0.39267016,0.03495029,0.61340206,0.83557239,0.34188034,0.56461590,0.32967033,0.35502959,0.03300030,0.67032967
2013,2012,Retrain_under,0.32000000,0.83469074,0.34193548,0.53347579,0.29120879,0.41406250,0.02270663,0.70879121,0.83885049,0.30927835,0.51287757,0.26946108,0.36290323,0.02381670,0.73053892
2013,2012,New_under,0.19000000,0.86315970,0.46470588,0.65091021,0.43406593,0.50000000,0.02391765,0.56593407,0.85989974,0.35016835,0.55141195,0.31137725,0.40000000,0.02351522,0.68862275
2013,2012,Equal6,0.53000000,0.81746032,0.37908497,0.55885014,0.31868132,0.46774194,0.01998183,0.68131868,0.80558509,0.32558140,0.53469084,0.29341317,0.36567164,0.02562557,0.70658683
2013,2012,DAWCE_AUC,0.59000000,0.84558161,0.41471572,0.57878048,0.34065934,0.52991453,0.01665153,0.65934066,0.81502476,0.32352941,0.50855457,0.26347305,0.41904762,0.01839011,0.73652695
2013,2012,AdaptiveChoice_AUC,0.19000000,0.86315970,0.46470588,0.65091021,0.43406593,0.50000000,0.02391765,0.56593407,0.85989974,0.35016835,0.55141195,0.31137725,0.40000000,0.02351522,0.68862275
2014,2013,Retrain_under,0.27000000,0.86234044,0.41520468,0.64173181,0.42514970,0.40571429,0.03135363,0.57485030,0.83326491,0.37179487,0.62836596,0.40845070,0.34117647,0.03331350,0.59154930
2014,2013,New_under,0.23000000,0.88716808,0.45806452,0.64491957,0.42514970,0.49650350,0.02170636,0.57485030,0.84720069,0.36298932,0.59140011,0.35915493,0.36690647,0.02617490,0.64084507
2014,2013,Equal6,0.46000000,0.82747920,0.33787466,0.59649957,0.37125749,0.31000000,0.04160386,0.62874251,0.80836776,0.32947977,0.61956217,0.40140845,0.27941176,0.04372397,0.59859155
2014,2013,DAWCE_AUC,0.65000000,0.86974920,0.39840637,0.54436409,0.29940120,0.59523810,0.01025023,0.70059880,0.83337174,0.37068966,0.54642803,0.30281690,0.47777778,0.01397977,0.69718310
2014,2013,AdaptiveChoice_AUC,0.23000000,0.88716808,0.45806452,0.64491957,0.42514970,0.49650350,0.02170636,0.57485030,0.84720069,0.36298932,0.59140011,0.35915493,0.36690647,0.02617490,0.64084507
2015,2014,Retrain_under,0.36000000,0.86102756,0.40316206,0.59392362,0.35915493,0.45945946,0.01784652,0.64084507,0.83561267,0.28037383,0.51399074,0.27027027,0.29126214,0.02251002,0.72972973
2015,2014,New_under,0.18000000,0.89031303,0.42675159,0.67608804,0.47183099,0.38953488,0.03123141,0.52816901,0.82547024,0.33802817,0.64479804,0.43243243,0.27745665,0.03854456,0.56756757
2015,2014,Equal6,0.54000000,0.84025689,0.38735178,0.58198526,0.34507042,0.44144144,0.01844140,0.65492958,0.81500001,0.30452675,0.56883100,0.33333333,0.28030303,0.02929386,0.66666667
2015,2014,DAWCE_AUC,0.61000000,0.87358296,0.48163265,0.64035554,0.41549296,0.57281553,0.01308745,0.58450704,0.83306248,0.34951456,0.56429060,0.32432432,0.37894737,0.01819303,0.67567568
2015,2014,AdaptiveChoice_AUC,0.18000000,0.89031303,0.42675159,0.67608804,0.47183099,0.38953488,0.03123141,0.52816901,0.82547024,0.33802817,0.64479804,0.43243243,0.27745665,0.03854456,0.56756757
2016,2015,Retrain_under,0.44000000,0.84677740,0.33333333,0.52487151,0.27927928,0.41333333,0.01356768,0.72072072,0.82654944,0.22929936,0.46147584,0.21686747,0.24324324,0.01801802,0.78313253
2016,2015,New_under,0.35000000,0.85554194,0.40758294,0.61691048,0.38738739,0.43000000,0.01757632,0.61261261,0.87099363,0.31055901,0.54412172,0.30120482,0.32051282,0.01705277,0.69879518
2016,2015,Equal6,0.54000000,0.84002967,0.32365145,0.58437341,0.35135135,0.30000000,0.02806044,0.64864865,0.81629995,0.23157895,0.50775109,0.26506024,0.20560748,0.02734878,0.73493976
2016,2015,DAWCE_AUC,0.60000000,0.85838938,0.39631336,0.61632931,0.38738739,0.40566038,0.01942646,0.61261261,0.84733916,0.30487805,0.54385449,0.30120482,0.30864198,0.01801802,0.69879518
2016,2015,AdaptiveChoice_AUC,0.60000000,0.85838938,0.39631336,0.61632931,0.38738739,0.40566038,0.01942646,0.61261261,0.84733916,0.30487805,0.54385449,0.30120482,0.30864198,0.01801802,0.69879518
2017,2016,Retrain_under,0.36000000,0.83934968,0.28409091,0.54278426,0.30120482,0.26881720,0.02187902,0.69879518,0.86605082,0.24285714,0.53998963,0.29824561,0.20481928,0.02231992,0.70175439
2017,2016,New_under,0.17000000,0.88276271,0.38423645,0.67648623,0.46987952,0.32500000,0.02606178,0.53012048,0.90108514,0.30573248,0.64049266,0.42105263,0.24000000,0.02570172,0.57894737
2017,2016,Equal6,0.48000000,0.84756012,0.31759657,0.65542005,0.44578313,0.24666667,0.03635779,0.55421687,0.88127488,0.26600985,0.67425626,0.47368421,0.18493151,0.04024349,0.52631579
2017,2016,DAWCE_AUC,0.57000000,0.88214635,0.38857143,0.63403003,0.40963855,0.36956522,0.01866152,0.59036145,0.89431560,0.35374150,0.66803282,0.45614035,0.28888889,0.02164356,0.54385965
2017,2016,AdaptiveChoice_AUC,0.17000000,0.88276271,0.38423645,0.67648623,0.46987952,0.32500000,0.02606178,0.53012048,0.90108514,0.30573248,0.64049266,0.42105263,0.24000000,0.02570172,0.57894737
2018,2017,Retrain_under,0.50000000,0.89190087,0.33684211,0.52783837,0.28070175,0.42105263,0.00743997,0.71929825,0.89837903,0.21917808,0.46885375,0.22222222,0.21621622,0.01079271,0.77777778
2018,2017,New_under,0.31000000,0.91325371,0.38983051,0.63112862,0.40350877,0.37704918,0.01285086,0.59649123,0.92043998,0.22857143,0.57119371,0.33333333,0.17391304,0.02121325,0.66666667
2018,2017,Equal6,0.66000000,0.89403082,0.35789474,0.54417602,0.29824561,0.44736842,0.00710179,0.70175439,0.87544970,0.20512821,0.46841256,0.22222222,0.19047619,0.01265352,0.77777778
2018,2017,DAWCE_AUC,0.67000000,0.91684317,0.41509434,0.61841791,0.38596491,0.44897959,0.00913088,0.61403509,0.91399950,0.20454545,0.49598312,0.25000000,0.17307692,0.01600298,0.75000000
2018,2017,AdaptiveChoice_AUC,0.67000000,0.91684317,0.41509434,0.61841791,0.38596491,0.44897959,0.00913088,0.61403509,0.91399950,0.20454545,0.49598312,0.25000000,0.17307692,0.01600298,0.75000000
