test_feature_year,route,pool_action,model_id,train_start,train_end,train_years,n_train,n_positive_before,n_negative_before,n_positive_after,n_negative_after,imbalance_method,sampler,scale_pos_weight,seed,resolved_model_params,protocol_version
2009,B_model,added,seed42_M2005,2003,2005,"2003,2004,2005",12970,115,12855,115,12818,tomek,TomekLinks,,42,"{""eval_metric"": ""auc"", ""objective"": ""binary:logistic"", ""random_state"": 42, ""seed"": 42, ""tree_method"": ""hist"", ""verbosity"": 0}",study3b_overlap_event_target_v1_financial18_exploratory
2009,B_model,added,seed42_M2006,2004,2006,"2004,2005,2006",12681,137,12544,137,12498,tomek,TomekLinks,,42,"{""eval_metric"": ""auc"", ""objective"": ""binary:logistic"", ""random_state"": 42, ""seed"": 42, ""tree_method"": ""hist"", ""verbosity"": 0}",study3b_overlap_event_target_v1_financial18_exploratory
2009,B_model,added,seed42_M2007,2005,2007,"2005,2006,2007",12342,150,12192,150,12146,tomek,TomekLinks,,42,"{""eval_metric"": ""auc"", ""objective"": ""binary:logistic"", ""random_state"": 42, ""seed"": 42, ""tree_method"": ""hist"", ""verbosity"": 0}",study3b_overlap_event_target_v1_financial18_exploratory
2009,B_data_old,,seed42_Bdata_old_2009,2005,2006,"2005,2006",8333,91,8242,91,8217,tomek,TomekLinks,,42,"{""eval_metric"": ""auc"", ""objective"": ""binary:logistic"", ""random_state"": 42, ""seed"": 42, ""tree_method"": ""hist"", ""verbosity"": 0}",study3b_overlap_event_target_v1_financial18_exploratory
2009,B_data_new,,seed42_Bdata_new_2009,2007,2007,2007,4009,59,3950,59,3937,tomek,TomekLinks,,42,"{""eval_metric"": ""auc"", ""objective"": ""binary:logistic"", ""random_state"": 42, ""seed"": 42, ""tree_method"": ""hist"", ""verbosity"": 0}",study3b_overlap_event_target_v1_financial18_exploratory
2010,B_model,retained,seed42_M2006,2004,2006,"2004,2005,2006",12681,137,12544,137,12498,tomek,TomekLinks,,42,"{""eval_metric"": ""auc"", ""objective"": ""binary:logistic"", ""random_state"": 42, ""seed"": 42, ""tree_method"": ""hist"", ""verbosity"": 0}",study3b_overlap_event_target_v1_financial18_exploratory
2010,B_model,retained,seed42_M2007,2005,2007,"2005,2006,2007",12342,150,12192,150,12146,tomek,TomekLinks,,42,"{""eval_metric"": ""auc"", ""objective"": ""binary:logistic"", ""random_state"": 42, ""seed"": 42, ""tree_method"": ""hist"", ""verbosity"": 0}",study3b_overlap_event_target_v1_financial18_exploratory
2010,B_model,added,seed42_M2008,2006,2008,"2006,2007,2008",11994,168,11826,168,11783,tomek,TomekLinks,,42,"{""eval_metric"": ""auc"", ""objective"": ""binary:logistic"", ""random_state"": 42, ""seed"": 42, ""tree_method"": ""hist"", ""verbosity"": 0}",study3b_overlap_event_target_v1_financial18_exploratory
2010,B_data_old,,seed42_Bdata_old_2010,2006,2007,"2006,2007",8137,110,8027,110,7998,tomek,TomekLinks,,42,"{""eval_metric"": ""auc"", ""objective"": ""binary:logistic"", ""random_state"": 42, ""seed"": 42, ""tree_method"": ""hist"", ""verbosity"": 0}",study3b_overlap_event_target_v1_financial18_exploratory
2010,B_data_new,,seed42_Bdata_new_2010,2008,2008,2008,3857,58,3799,58,3788,tomek,TomekLinks,,42,"{""eval_metric"": ""auc"", ""objective"": ""binary:logistic"", ""random_state"": 42, ""seed"": 42, ""tree_method"": ""hist"", ""verbosity"": 0}",study3b_overlap_event_target_v1_financial18_exploratory
2011,B_model,retained,seed42_M2007,2005,2007,"2005,2006,2007",12342,150,12192,150,12146,tomek,TomekLinks,,42,"{""eval_metric"": ""auc"", ""objective"": ""binary:logistic"", ""random_state"": 42, ""seed"": 42, ""tree_method"": ""hist"", ""verbosity"": 0}",study3b_overlap_event_target_v1_financial18_exploratory
2011,B_model,retained,seed42_M2008,2006,2008,"2006,2007,2008",11994,168,11826,168,11783,tomek,TomekLinks,,42,"{""eval_metric"": ""auc"", ""objective"": ""binary:logistic"", ""random_state"": 42, ""seed"": 42, ""tree_method"": ""hist"", ""verbosity"": 0}",study3b_overlap_event_target_v1_financial18_exploratory
2011,B_model,added,seed42_M2009,2007,2009,"2007,2008,2009",11609,140,11469,140,11430,tomek,TomekLinks,,42,"{""eval_metric"": ""auc"", ""objective"": ""binary:logistic"", ""random_state"": 42, ""seed"": 42, ""tree_method"": ""hist"", ""verbosity"": 0}",study3b_overlap_event_target_v1_financial18_exploratory
2011,B_data_old,,seed42_Bdata_old_2011,2007,2008,"2007,2008",7866,117,7749,117,7717,tomek,TomekLinks,,42,"{""eval_metric"": ""auc"", ""objective"": ""binary:logistic"", ""random_state"": 42, ""seed"": 42, ""tree_method"": ""hist"", ""verbosity"": 0}",study3b_overlap_event_target_v1_financial18_exploratory
2011,B_data_new,,seed42_Bdata_new_2011,2009,2009,2009,3743,23,3720,23,3710,tomek,TomekLinks,,42,"{""eval_metric"": ""auc"", ""objective"": ""binary:logistic"", ""random_state"": 42, ""seed"": 42, ""tree_method"": ""hist"", ""verbosity"": 0}",study3b_overlap_event_target_v1_financial18_exploratory
2012,B_model,retained,seed42_M2008,2006,2008,"2006,2007,2008",11994,168,11826,168,11783,tomek,TomekLinks,,42,"{""eval_metric"": ""auc"", ""objective"": ""binary:logistic"", ""random_state"": 42, ""seed"": 42, ""tree_method"": ""hist"", ""verbosity"": 0}",study3b_overlap_event_target_v1_financial18_exploratory
2012,B_model,retained,seed42_M2009,2007,2009,"2007,2008,2009",11609,140,11469,140,11430,tomek,TomekLinks,,42,"{""eval_metric"": ""auc"", ""objective"": ""binary:logistic"", ""random_state"": 42, ""seed"": 42, ""tree_method"": ""hist"", ""verbosity"": 0}",study3b_overlap_event_target_v1_financial18_exploratory
2012,B_model,added,seed42_M2010,2008,2010,"2008,2009,2010",11225,116,11109,116,11077,tomek,TomekLinks,,42,"{""eval_metric"": ""auc"", ""objective"": ""binary:logistic"", ""random_state"": 42, ""seed"": 42, ""tree_method"": ""hist"", ""verbosity"": 0}",study3b_overlap_event_target_v1_financial18_exploratory
2012,B_data_old,,seed42_Bdata_old_2012,2008,2009,"2008,2009",7600,81,7519,81,7501,tomek,TomekLinks,,42,"{""eval_metric"": ""auc"", ""objective"": ""binary:logistic"", ""random_state"": 42, ""seed"": 42, ""tree_method"": ""hist"", ""verbosity"": 0}",study3b_overlap_event_target_v1_financial18_exploratory
2012,B_data_new,,seed42_Bdata_new_2012,2010,2010,2010,3625,35,3590,35,3578,tomek,TomekLinks,,42,"{""eval_metric"": ""auc"", ""objective"": ""binary:logistic"", ""random_state"": 42, ""seed"": 42, ""tree_method"": ""hist"", ""verbosity"": 0}",study3b_overlap_event_target_v1_financial18_exploratory
2013,B_model,retained,seed42_M2009,2007,2009,"2007,2008,2009",11609,140,11469,140,11430,tomek,TomekLinks,,42,"{""eval_metric"": ""auc"", ""objective"": ""binary:logistic"", ""random_state"": 42, ""seed"": 42, ""tree_method"": ""hist"", ""verbosity"": 0}",study3b_overlap_event_target_v1_financial18_exploratory
2013,B_model,retained,seed42_M2010,2008,2010,"2008,2009,2010",11225,116,11109,116,11077,tomek,TomekLinks,,42,"{""eval_metric"": ""auc"", ""objective"": ""binary:logistic"", ""random_state"": 42, ""seed"": 42, ""tree_method"": ""hist"", ""verbosity"": 0}",study3b_overlap_event_target_v1_financial18_exploratory
2013,B_model,added,seed42_M2011,2009,2011,"2009,2010,2011",10881,83,10798,83,10770,tomek,TomekLinks,,42,"{""eval_metric"": ""auc"", ""objective"": ""binary:logistic"", ""random_state"": 42, ""seed"": 42, ""tree_method"": ""hist"", ""verbosity"": 0}",study3b_overlap_event_target_v1_financial18_exploratory
2013,B_data_old,,seed42_Bdata_old_2013,2009,2010,"2009,2010",7368,58,7310,58,7287,tomek,TomekLinks,,42,"{""eval_metric"": ""auc"", ""objective"": ""binary:logistic"", ""random_state"": 42, ""seed"": 42, ""tree_method"": ""hist"", ""verbosity"": 0}",study3b_overlap_event_target_v1_financial18_exploratory
2013,B_data_new,,seed42_Bdata_new_2013,2011,2011,2011,3513,25,3488,25,3479,tomek,TomekLinks,,42,"{""eval_metric"": ""auc"", ""objective"": ""binary:logistic"", ""random_state"": 42, ""seed"": 42, ""tree_method"": ""hist"", ""verbosity"": 0}",study3b_overlap_event_target_v1_financial18_exploratory
2014,B_model,retained,seed42_M2010,2008,2010,"2008,2009,2010",11225,116,11109,116,11077,tomek,TomekLinks,,42,"{""eval_metric"": ""auc"", ""objective"": ""binary:logistic"", ""random_state"": 42, ""seed"": 42, ""tree_method"": ""hist"", ""verbosity"": 0}",study3b_overlap_event_target_v1_financial18_exploratory
2014,B_model,retained,seed42_M2011,2009,2011,"2009,2010,2011",10881,83,10798,83,10770,tomek,TomekLinks,,42,"{""eval_metric"": ""auc"", ""objective"": ""binary:logistic"", ""random_state"": 42, ""seed"": 42, ""tree_method"": ""hist"", ""verbosity"": 0}",study3b_overlap_event_target_v1_financial18_exploratory
2014,B_model,added,seed42_M2012,2010,2012,"2010,2011,2012",10623,86,10537,86,10517,tomek,TomekLinks,,42,"{""eval_metric"": ""auc"", ""objective"": ""binary:logistic"", ""random_state"": 42, ""seed"": 42, ""tree_method"": ""hist"", ""verbosity"": 0}",study3b_overlap_event_target_v1_financial18_exploratory
2014,B_data_old,,seed42_Bdata_old_2014,2010,2011,"2010,2011",7138,60,7078,60,7059,tomek,TomekLinks,,42,"{""eval_metric"": ""auc"", ""objective"": ""binary:logistic"", ""random_state"": 42, ""seed"": 42, ""tree_method"": ""hist"", ""verbosity"": 0}",study3b_overlap_event_target_v1_financial18_exploratory
2014,B_data_new,,seed42_Bdata_new_2014,2012,2012,2012,3485,26,3459,26,3455,tomek,TomekLinks,,42,"{""eval_metric"": ""auc"", ""objective"": ""binary:logistic"", ""random_state"": 42, ""seed"": 42, ""tree_method"": ""hist"", ""verbosity"": 0}",study3b_overlap_event_target_v1_financial18_exploratory
2015,B_model,retained,seed42_M2011,2009,2011,"2009,2010,2011",10881,83,10798,83,10770,tomek,TomekLinks,,42,"{""eval_metric"": ""auc"", ""objective"": ""binary:logistic"", ""random_state"": 42, ""seed"": 42, ""tree_method"": ""hist"", ""verbosity"": 0}",study3b_overlap_event_target_v1_financial18_exploratory
2015,B_model,retained,seed42_M2012,2010,2012,"2010,2011,2012",10623,86,10537,86,10517,tomek,TomekLinks,,42,"{""eval_metric"": ""auc"", ""objective"": ""binary:logistic"", ""random_state"": 42, ""seed"": 42, ""tree_method"": ""hist"", ""verbosity"": 0}",study3b_overlap_event_target_v1_financial18_exploratory
2015,B_model,added,seed42_M2013,2011,2013,"2011,2012,2013",10482,79,10403,79,10389,tomek,TomekLinks,,42,"{""eval_metric"": ""auc"", ""objective"": ""binary:logistic"", ""random_state"": 42, ""seed"": 42, ""tree_method"": ""hist"", ""verbosity"": 0}",study3b_overlap_event_target_v1_financial18_exploratory
2015,B_data_old,,seed42_Bdata_old_2015,2011,2012,"2011,2012",6998,51,6947,51,6939,tomek,TomekLinks,,42,"{""eval_metric"": ""auc"", ""objective"": ""binary:logistic"", ""random_state"": 42, ""seed"": 42, ""tree_method"": ""hist"", ""verbosity"": 0}",study3b_overlap_event_target_v1_financial18_exploratory
2015,B_data_new,,seed42_Bdata_new_2015,2013,2013,2013,3484,28,3456,28,3452,tomek,TomekLinks,,42,"{""eval_metric"": ""auc"", ""objective"": ""binary:logistic"", ""random_state"": 42, ""seed"": 42, ""tree_method"": ""hist"", ""verbosity"": 0}",study3b_overlap_event_target_v1_financial18_exploratory
2016,B_model,retained,seed42_M2012,2010,2012,"2010,2011,2012",10623,86,10537,86,10517,tomek,TomekLinks,,42,"{""eval_metric"": ""auc"", ""objective"": ""binary:logistic"", ""random_state"": 42, ""seed"": 42, ""tree_method"": ""hist"", ""verbosity"": 0}",study3b_overlap_event_target_v1_financial18_exploratory
2016,B_model,retained,seed42_M2013,2011,2013,"2011,2012,2013",10482,79,10403,79,10389,tomek,TomekLinks,,42,"{""eval_metric"": ""auc"", ""objective"": ""binary:logistic"", ""random_state"": 42, ""seed"": 42, ""tree_method"": ""hist"", ""verbosity"": 0}",study3b_overlap_event_target_v1_financial18_exploratory
2016,B_model,added,seed42_M2014,2012,2014,"2012,2013,2014",10473,87,10386,87,10376,tomek,TomekLinks,,42,"{""eval_metric"": ""auc"", ""objective"": ""binary:logistic"", ""random_state"": 42, ""seed"": 42, ""tree_method"": ""hist"", ""verbosity"": 0}",study3b_overlap_event_target_v1_financial18_exploratory
2016,B_data_old,,seed42_Bdata_old_2016,2012,2013,"2012,2013",6969,54,6915,54,6908,tomek,TomekLinks,,42,"{""eval_metric"": ""auc"", ""objective"": ""binary:logistic"", ""random_state"": 42, ""seed"": 42, ""tree_method"": ""hist"", ""verbosity"": 0}",study3b_overlap_event_target_v1_financial18_exploratory
2016,B_data_new,,seed42_Bdata_new_2016,2014,2014,2014,3504,33,3471,33,3465,tomek,TomekLinks,,42,"{""eval_metric"": ""auc"", ""objective"": ""binary:logistic"", ""random_state"": 42, ""seed"": 42, ""tree_method"": ""hist"", ""verbosity"": 0}",study3b_overlap_event_target_v1_financial18_exploratory
2017,B_model,retained,seed42_M2013,2011,2013,"2011,2012,2013",10482,79,10403,79,10389,tomek,TomekLinks,,42,"{""eval_metric"": ""auc"", ""objective"": ""binary:logistic"", ""random_state"": 42, ""seed"": 42, ""tree_method"": ""hist"", ""verbosity"": 0}",study3b_overlap_event_target_v1_financial18_exploratory
2017,B_model,retained,seed42_M2014,2012,2014,"2012,2013,2014",10473,87,10386,87,10376,tomek,TomekLinks,,42,"{""eval_metric"": ""auc"", ""objective"": ""binary:logistic"", ""random_state"": 42, ""seed"": 42, ""tree_method"": ""hist"", ""verbosity"": 0}",study3b_overlap_event_target_v1_financial18_exploratory
2017,B_model,added,seed42_M2015,2013,2015,"2013,2014,2015",10342,94,10248,94,10229,tomek,TomekLinks,,42,"{""eval_metric"": ""auc"", ""objective"": ""binary:logistic"", ""random_state"": 42, ""seed"": 42, ""tree_method"": ""hist"", ""verbosity"": 0}",study3b_overlap_event_target_v1_financial18_exploratory
2017,B_data_old,,seed42_Bdata_old_2017,2013,2014,"2013,2014",6988,61,6927,61,6920,tomek,TomekLinks,,42,"{""eval_metric"": ""auc"", ""objective"": ""binary:logistic"", ""random_state"": 42, ""seed"": 42, ""tree_method"": ""hist"", ""verbosity"": 0}",study3b_overlap_event_target_v1_financial18_exploratory
2017,B_data_new,,seed42_Bdata_new_2017,2015,2015,2015,3354,33,3321,33,3316,tomek,TomekLinks,,42,"{""eval_metric"": ""auc"", ""objective"": ""binary:logistic"", ""random_state"": 42, ""seed"": 42, ""tree_method"": ""hist"", ""verbosity"": 0}",study3b_overlap_event_target_v1_financial18_exploratory
2018,B_model,retained,seed42_M2014,2012,2014,"2012,2013,2014",10473,87,10386,87,10376,tomek,TomekLinks,,42,"{""eval_metric"": ""auc"", ""objective"": ""binary:logistic"", ""random_state"": 42, ""seed"": 42, ""tree_method"": ""hist"", ""verbosity"": 0}",study3b_overlap_event_target_v1_financial18_exploratory
2018,B_model,retained,seed42_M2015,2013,2015,"2013,2014,2015",10342,94,10248,94,10229,tomek,TomekLinks,,42,"{""eval_metric"": ""auc"", ""objective"": ""binary:logistic"", ""random_state"": 42, ""seed"": 42, ""tree_method"": ""hist"", ""verbosity"": 0}",study3b_overlap_event_target_v1_financial18_exploratory
2018,B_model,added,seed42_M2016,2014,2016,"2014,2015,2016",10049,95,9954,95,9935,tomek,TomekLinks,,42,"{""eval_metric"": ""auc"", ""objective"": ""binary:logistic"", ""random_state"": 42, ""seed"": 42, ""tree_method"": ""hist"", ""verbosity"": 0}",study3b_overlap_event_target_v1_financial18_exploratory
2018,B_data_old,,seed42_Bdata_old_2018,2014,2015,"2014,2015",6858,66,6792,66,6779,tomek,TomekLinks,,42,"{""eval_metric"": ""auc"", ""objective"": ""binary:logistic"", ""random_state"": 42, ""seed"": 42, ""tree_method"": ""hist"", ""verbosity"": 0}",study3b_overlap_event_target_v1_financial18_exploratory
2018,B_data_new,,seed42_Bdata_new_2018,2016,2016,2016,3191,29,3162,29,3156,tomek,TomekLinks,,42,"{""eval_metric"": ""auc"", ""objective"": ""binary:logistic"", ""random_state"": 42, ""seed"": 42, ""tree_method"": ""hist"", ""verbosity"": 0}",study3b_overlap_event_target_v1_financial18_exploratory
